Workbook
Name \p: #REF!
Name _70IJ610001: Table18[#All]
Name _Order1: 255
Name _Order2: 255
Name _Regression_Int: 1
Name a: #REF!
Name a_dash: #REF!
Name AA: #REF!
Name aaa: "기술자료"
Name agdump: #REF!
Name agedump: #REF!
Name agencydump: #REF!
Name AGENCYLY: #REF!
Name AGENCYPLAN: #REF!
Name anchor: #REF!
Name api_version: '[1]Page 1'!$B$6
Name b: #REF!
Name b_dash: #REF!
Name bmsum: #REF!
Name c_margin: #REF!
Name CalcAgencyPrice: #REF!
Name CapacityAtMaximumViscosity: '[2]API 676'!#REF!
Name Clearsheet2: LoadList!Clearsheet2
Name Clearsheet2: [0]!Clearsheet2
Name coat: #REF!
Name Commission: #REF!
Name crush_s: #REF!
Name DaRWk1: #REF!
Name DaRWk10: #REF!
Name DaRWk11: #REF!
Name DaRWk12: #REF!
Name DaRWk2: #REF!
Name DaRWk3: #REF!
Name DaRWk4: #REF!
Name DaRWk5: #REF!
Name DaRWk6: #REF!
Name DaRWk8: #REF!
Name DaRwk9: #REF!
Name DATE: '[3]P. 1, Scope'!$M$5
Name DaWk7: #REF!
Name dbrwk1: #REF!
Name dbrwk10: #REF!
Name dbrwk11: #REF!
Name dbrwk12: #REF!
Name dbrwk2: #REF!
Name dbrwk3: #REF!
Name dbrwk4: #REF!
Name dbrwk5: #REF!
Name dbrwk6: #REF!
Name dbrwk7: #REF!
Name dbrwk8: #REF!
Name dbrwk9: #REF!
Name dcrwk1: #REF!
Name dcrwk10: #REF!
Name dcrwk11: #REF!
Name dcrwk12: #REF!
Name dcrwk2: #REF!
Name dcrwk3: #REF!
Name dcrwk4: #REF!
Name dcrwk5: #REF!

Sheet Sheet1
A1: Create a technical specification for Distribution Board based on the sources. Please note that this is for Biomethanol project.
A2: Create a technical specification for Load Shedding System based on the sources. Please note that this is for Biomethanol project.
A3: Create a technical specification for Power Factor Correction Panel based on the sources. Please note that this is for Biomethanol project.

Sheet HVAC_MCC
A1: 70-IK-09-0001 (CANCELLED)
A3: TAGS | B3: BUS | C3: RATED POWER | D3: FULL LOAD CURRENT | E3: Starter Type | F3: CIRCUIT TYPE | G3: E_UNITS | H3: REMARKS | Q3: feeder qty | R3: 20% SPARE
A4: WH-AHU-001 | B4: A | C4: 78.8 | D4: 124.83439 | E4: {=_xlfn.LET( _xlpm.tag, UPPER(TRIM(A4)), _xlpm.kw, N(C4), _xlpm.parts, _xlfn.TEXTSPLIT(_xlpm.tag,"-"), _xlpm.mid, IF(COUNTA(_xlpm.parts)>=2, INDEX(_xlpm.parts,1,2), ""), _xlpm.mapCodes, {"AHU";"CWP";"EF";"ACWC";"ACCU";"EDH";"WWG";"WWP";"HD"}, _xlpm.mapType, {"M";"M";"M";"F";"F";"F";"F";"F";"F"}, _xlpm.codeType, _xlfn.XLOOKUP(_xlpm.mid, _xlpm.mapCodes, _xlpm.mapType, ""), IF(_xlpm.codeType="F","F", IF(_xlpm.codeType="M", _xlfn.IFS( _xlpm.mid="AHU", "M-E1", AND(_xlpm.kw>=0.37, _xlpm.kw<=15), "M-A1", AND(_xlpm.kw>=18.5, _xlpm.kw<22), "M-A1", AND(_xlpm.kw>=22, _xlpm.kw<=37), "M-B1", AND(_xlpm.kw>=45, _xlpm.kw<=75), "M-B1", AND(_xlpm.kw>=90, _xlpm.kw<=110), "M-B1", AND(_xlpm.kw>110, _xlpm.kw<132), "M-C1", AND(_xlpm.kw>=132, _xlpm.kw<=200), "M-D1", _xlpm.kw>200, "M-E1", TRUE, "<review>" ), "<review>" ) ) )} -> M-E1 | F4: {=_xlfn.LET( _xlpm.tag, UPPER(TRIM(A4)), _xlpm.kw, N(C4), _xlpm.flc, N(D4), _xlpm.I_MCCB, 160, _xlpm.I_ACB, 630, _xlpm.tACB, "400V Air Circuit Breaker(ACB) Feeder Cubicle (per Dwg LV1)", _xlpm.tMCCB_HI, "400V MCCB Feeder Cubicle (I > 160A, per Dwg LV3)", _xlpm.tMCCB_LO, "400V MCCB Feeder Cubicle (I < 160A, per Dwg LV4)", _xlpm.tM_LV_DOL, "400V DOL Motor Starter Cubicle", _xlpm.parts, _xlfn.TEXTSPLIT(_xlpm.tag,"-"), _xlpm.mid, IF(COUNTA(_xlpm.parts)>=2, INDEX(_xlpm.parts,1,2), ""), _xlpm.mapCodes, {"AHU";"CWP";"EF";"ACWC";"ACCU";"EDH";"WWG";"WWP";"HD"}, _xlpm.mapType, {"M";"M";"M";"F";"F";"F";"F";"F";"F"}, _xlpm.codeType, _xlfn.XLOOKUP(_xlpm.mid, _xlpm.mapCodes, _xlpm.mapType, ""), _xlpm.motorClass, IF(_xlpm.codeType="M", _xlfn.IFS( _xlpm.mid="AHU", "M-E1", AND(_xlpm.kw>=0.37, _xlpm.kw<=15), "M-A1", AND(_xlpm.kw>=18.5, _xlpm.kw<22), "M-A1", AND(_xlpm.kw>=22, _xlpm.kw<=37), "M-B1", AND(_xlpm.kw>=45, _xlpm.kw<=75), "M-B1", AND(_xlpm.kw>=90, _xlpm.kw<=110), "M-B1", AND(_xlpm.kw>110, _xlpm.kw<132), "M-C1", AND(_xlpm.kw>=132, _xlpm.kw<=200), "M-D1", _xlpm.kw>200, "M-E1", TRUE, "<review>" ), "" ), _xlpm.FeederSel, IF(_xlpm.flc>=_xlpm.I_ACB, _xlpm.tACB, IF(_xlpm.flc>_xlpm.I_MCCB, _xlpm.tMCCB_HI, _xlpm.tMCCB_LO)), IF(_xlpm.codeType="F", _xlpm.FeederSel, IF(_xlpm.codeType="M", IF(_xlpm.motorClass="<review>", "<review>", _xlpm.tM_LV_DOL), "CHECK TAG CODE: "&_xlpm.mid ) ) )} -> 400V DOL Motor Starter Cubicle | G4: {=_xlfn.LET( _xlpm.c, UPPER(TRIM(_81IK6100018[[#This Row],[Starter Type]])), _xlpm.kw, N(_81IK6100018[[#This Row],[RATED POWER]]), _xlpm.flc, N(_81IK6100018[[#This Row],[FULL LOAD CURRENT]]), _xlpm.feederType, IFERROR( _xlfn.IFS( _xlpm.c="M-A1", "M_A1", _xlpm.c="M-B1", "M_B1", _xlpm.c="M-C1", "M_C1", _xlpm.c="M-D1", "M_D1", _xlpm.c="M-E1", "M_E1", _xlpm.c="U", "UPS", _xlpm.c="F", "FEEDER", _xlpm.c="L", "LIGHT", _xlpm.c="H", "HEATER", ISNUMBER(SEARCH("ACB", _xlpm.c)), "ACB", ISNUMBER(SEARCH("I > 160A", _xlpm.c)), "MCCB_HI", ISNUMBER(SEARCH("I < 160A", _xlpm.c)), "MCCB_LO", ISNUMBER(SEARCH("3PH+N+PE", _xlpm.c)), "3PNPE", ISNUMBER(SEARCH("SCR", _xlpm.c)), "SCR", ISNUMBER(SEARCH("VSD", _xlpm.c)), "MCCB_VSD", ISNUMBER(SEARCH("FVNR", _xlpm.c)), "FVNR", TRUE, "OTHER" ), "OTHER" ), _xlpm.LowE, _xlfn.LAMBDA(_xlpm.a, IF(_xlpm.a<=50, "8E", IF(_xlpm.a<=100, "12E", "16E"))), _xlpm.HighE, _xlfn.LAMBDA(_xlpm.a, IF(_xlpm.a<=250, "16E", IF(_xlpm.a<=400, "24E", "36E"))), _xlpm.FeederE, IF(_xlpm.flc<=32, "8E/4", IF(_xlpm.flc<=160, _xlpm.LowE(_xlpm.flc), _xlpm.HighE(_xlpm.flc))), _xlfn.IFS( _xlpm.feederType="ACB", "72E", _xlpm.feederType="MCCB_LO", _xlpm.LowE(_xlpm.flc), _xlpm.feederType="MCCB_HI", _xlpm.HighE(_xlpm.flc), _xlpm.feederType="3PNPE", _xlpm.LowE(_xlpm.flc), _xlpm.feederType="SCR", IF(_xlpm.flc<=63, "8E", IF(_xlpm.flc<=125, "12E", IF(_xlpm.flc<=250, "24E", "36E"))), _xlpm.feederType="MCCB_VSD",_xlpm.HighE(_xlpm.flc), _xlpm.feederType="FVNR", IF(_xlpm.kw<=55, "16E", IF(_xlpm.kw<=90, "24E", "36E")), _xlpm.feederType="M_A1", IF(_xlpm.kw<=15, "8E/4", "8E"), _xlpm.feederType="M_B1", IF(_xlpm.kw<=37, "8E", "12E"), _xlpm.feederType="M_C1", IF(_xlpm.kw<132, "12E", "16E"), _xlpm.feederType="M_D1", "16E", _xlpm.feederType="M_E1", "24E", _xlpm.feederType="UPS", IF(_xlpm.flc<=50, "8E", IF(_xlpm.flc<=100, "12E", IF(_xlpm.flc<=250, "16E", IF(_xlpm.flc<=400, "24E", "36E")))), _xlpm.feederType="FEEDER", _xlpm.FeederE, _xlpm.feederType="LIGHT", _xlpm.FeederE, _xlpm.feederType="HEATER", _xlpm.FeederE, TRUE, "<review>" ) )} -> 24E | N4: M-B1 | O4: 400V DOL Motor Starter Cubicle | P4: 36E | Q4: =COUNTIFS($E$4:$E$18,N4,$F$4:$F$18,O4,$G$4:$G$18,P4) -> 0 | R4: =ROUNDUP(Q4*0.2,0) -> 0
A5: WH-ACWC-001 | B5: A | C5: 80.52 | D5: 127.55921 | E5: {=_xlfn.LET( _xlpm.tag, UPPER(TRIM(A5)), _xlpm.kw, N(C5), _xlpm.parts, _xlfn.TEXTSPLIT(_xlpm.tag,"-"), _xlpm.mid, IF(COUNTA(_xlpm.parts)>=2, INDEX(_xlpm.parts,1,2), ""), _xlpm.mapCodes, {"AHU";"CWP";"EF";"ACWC";"ACCU";"EDH";"WWG";"WWP";"HD"}, _xlpm.mapType, {"M";"M";"M";"F";"F";"F";"F";"F";"F"}, _xlpm.codeType, _xlfn.XLOOKUP(_xlpm.mid, _xlpm.mapCodes, _xlpm.mapType, ""), IF(_xlpm.codeType="F","F", IF(_xlpm.codeType="M", _xlfn.IFS( _xlpm.mid="AHU", "M-E1", AND(_xlpm.kw>=0.37, _xlpm.kw<=15), "M-A1", AND(_xlpm.kw>=18.5, _xlpm.kw<22), "M-A1", AND(_xlpm.kw>=22, _xlpm.kw<=37), "M-B1", AND(_xlpm.kw>=45, _xlpm.kw<=75), "M-B1", AND(_xlpm.kw>=90, _xlpm.kw<=110), "M-B1", AND(_xlpm.kw>110, _xlpm.kw<132), "M-C1", AND(_xlpm.kw>=132, _xlpm.kw<=200), "M-D1", _xlpm.kw>200, "M-E1", TRUE, "<review>" ), "<review>" ) ) )} -> F | F5: {=_xlfn.LET( _xlpm.tag, UPPER(TRIM(A5)), _xlpm.kw, N(C5), _xlpm.flc, N(D5), _xlpm.I_MCCB, 160, _xlpm.I_ACB, 630, _xlpm.tACB, "400V Air Circuit Breaker(ACB) Feeder Cubicle (per Dwg LV1)", _xlpm.tMCCB_HI, "400V MCCB Feeder Cubicle (I > 160A, per Dwg LV3)", _xlpm.tMCCB_LO, "400V MCCB Feeder Cubicle (I < 160A, per Dwg LV4)", _xlpm.tM_LV_DOL, "400V DOL Motor Starter Cubicle", _xlpm.parts, _xlfn.TEXTSPLIT(_xlpm.tag,"-"), _xlpm.mid, IF(COUNTA(_xlpm.parts)>=2, INDEX(_xlpm.parts,1,2), ""), _xlpm.mapCodes, {"AHU";"CWP";"EF";"ACWC";"ACCU";"EDH";"WWG";"WWP";"HD"}, _xlpm.mapType, {"M";"M";"M";"F";"F";"F";"F";"F";"F"}, _xlpm.codeType, _xlfn.XLOOKUP(_xlpm.mid, _xlpm.mapCodes, _xlpm.mapType, ""), _xlpm.motorClass, IF(_xlpm.codeType="M", _xlfn.IFS( _xlpm.mid="AHU", "M-E1", AND(_xlpm.kw>=0.37, _xlpm.kw<=15), "M-A1", AND(_xlpm.kw>=18.5, _xlpm.kw<22), "M-A1", AND(_xlpm.kw>=22, _xlpm.kw<=37), "M-B1", AND(_xlpm.kw>=45, _xlpm.kw<=75), "M-B1", AND(_xlpm.kw>=90, _xlpm.kw<=110), "M-B1", AND(_xlpm.kw>110, _xlpm.kw<132), "M-C1", AND(_xlpm.kw>=132, _xlpm.kw<=200), "M-D1", _xlpm.kw>200, "M-E1", TRUE, "<review>" ), "" ), _xlpm.FeederSel, IF(_xlpm.flc>=_xlpm.I_ACB, _xlpm.tACB, IF(_xlpm.flc>_xlpm.I_MCCB, _xlpm.tMCCB_HI, _xlpm.tMCCB_LO)), IF(_xlpm.codeType="F", _xlpm.FeederSel, IF(_xlpm.codeType="M", IF(_xlpm.motorClass="<review>", "<review>", _xlpm.tM_LV_DOL), "CHECK TAG CODE: "&_xlpm.mid ) ) )} -> 400V MCCB Feeder Cubicle (I < 160A, per Dwg LV4) | G5: {=_xlfn.LET( _xlpm.c, UPPER(TRIM(_81IK6100018[[#This Row],[Starter Type]])), _xlpm.kw, N(_81IK6100018[[#This Row],[RATED POWER]]), _xlpm.flc, N(_81IK6100018[[#This Row],[FULL LOAD CURRENT]]), _xlpm.feederType, IFERROR( _xlfn.IFS( _xlpm.c="M-A1", "M_A1", _xlpm.c="M-B1", "M_B1", _xlpm.c="M-C1", "M_C1", _xlpm.c="M-D1", "M_D1", _xlpm.c="M-E1", "M_E1", _xlpm.c="U", "UPS", _xlpm.c="F", "FEEDER", _xlpm.c="L", "LIGHT", _xlpm.c="H", "HEATER", ISNUMBER(SEARCH("ACB", _xlpm.c)), "ACB", ISNUMBER(SEARCH("I > 160A", _xlpm.c)), "MCCB_HI", ISNUMBER(SEARCH("I < 160A", _xlpm.c)), "MCCB_LO", ISNUMBER(SEARCH("3PH+N+PE", _xlpm.c)), "3PNPE", ISNUMBER(SEARCH("SCR", _xlpm.c)), "SCR", ISNUMBER(SEARCH("VSD", _xlpm.c)), "MCCB_VSD", ISNUMBER(SEARCH("FVNR", _xlpm.c)), "FVNR", TRUE, "OTHER" ), "OTHER" ), _xlpm.LowE, _xlfn.LAMBDA(_xlpm.a, IF(_xlpm.a<=50, "8E", IF(_xlpm.a<=100, "12E", "16E"))), _xlpm.HighE, _xlfn.LAMBDA(_xlpm.a, IF(_xlpm.a<=250, "16E", IF(_xlpm.a<=400, "24E", "36E"))), _xlpm.FeederE, IF(_xlpm.flc<=32, "8E/4", IF(_xlpm.flc<=160, _xlpm.LowE(_xlpm.flc), _xlpm.HighE(_xlpm.flc))), _xlfn.IFS( _xlpm.feederType="ACB", "72E", _xlpm.feederType="MCCB_LO", _xlpm.LowE(_xlpm.flc), _xlpm.feederType="MCCB_HI", _xlpm.HighE(_xlpm.flc), _xlpm.feederType="3PNPE", _xlpm.LowE(_xlpm.flc), _xlpm.feederType="SCR", IF(_xlpm.flc<=63, "8E", IF(_xlpm.flc<=125, "12E", IF(_xlpm.flc<=250, "24E", "36E"))), _xlpm.feederType="MCCB_VSD",_xlpm.HighE(_xlpm.flc), _xlpm.feederType="FVNR", IF(_xlpm.kw<=55, "16E", IF(_xlpm.kw<=90, "24E", "36E")), _xlpm.feederType="M_A1", IF(_xlpm.kw<=15, "8E/4", "8E"), _xlpm.feederType="M_B1", IF(_xlpm.kw<=37, "8E", "12E"), _xlpm.feederType="M_C1", IF(_xlpm.kw<132, "12E", "16E"), _xlpm.feederType="M_D1", "16E", _xlpm.feederType="M_E1", "24E", _xlpm.feederType="UPS", IF(_xlpm.flc<=50, "8E", IF(_xlpm.flc<=100, "12E", IF(_xlpm.flc<=250, "16E", IF(_xlpm.flc<=400, "24E", "36E")))), _xlpm.feederType="FEEDER", _xlpm.FeederE, _xlpm.feederType="LIGHT", _xlpm.FeederE, _xlpm.feederType="HEATER", _xlpm.FeederE, TRUE, "<review>" ) )} -> 16E | N5: F | O5: 400V MCCB Feeder Cubicle (I < 160A, per Dwg LV4) | P5: 8E | Q5: =COUNTIFS($E$4:$E$18,N5,$F$4:$F$18,O5,$G$4:$G$18,P5) -> 2 | R5: =ROUNDUP(Q5*0.2,0) -> 1
A6: WH-CWP-001A | B6: A | C6: 4.37 | D6: 6.9229226 | E6: {=_xlfn.LET( _xlpm.tag, UPPER(TRIM(A6)), _xlpm.kw, N(C6), _xlpm.parts, _xlfn.TEXTSPLIT(_xlpm.tag,"-"), _xlpm.mid, IF(COUNTA(_xlpm.parts)>=2, INDEX(_xlpm.parts,1,2), ""), _xlpm.mapCodes, {"AHU";"CWP";"EF";"ACWC";"ACCU";"EDH";"WWG";"WWP";"HD"}, _xlpm.mapType, {"M";"M";"M";"F";"F";"F";"F";"F";"F"}, _xlpm.codeType, _xlfn.XLOOKUP(_xlpm.mid, _xlpm.mapCodes, _xlpm.mapType, ""), IF(_xlpm.codeType="F","F", IF(_xlpm.codeType="M", _xlfn.IFS( _xlpm.mid="AHU", "M-E1", AND(_xlpm.kw>=0.37, _xlpm.kw<=15), "M-A1", AND(_xlpm.kw>=18.5, _xlpm.kw<22), "M-A1", AND(_xlpm.kw>=22, _xlpm.kw<=37), "M-B1", AND(_xlpm.kw>=45, _xlpm.kw<=75), "M-B1", AND(_xlpm.kw>=90, _xlpm.kw<=110), "M-B1", AND(_xlpm.kw>110, _xlpm.kw<132), "M-C1", AND(_xlpm.kw>=132, _xlpm.kw<=200), "M-D1", _xlpm.kw>200, "M-E1", TRUE, "<review>" ), "<review>" ) ) )} -> M-A1 | F6: {=_xlfn.LET( _xlpm.tag, UPPER(TRIM(A6)), _xlpm.kw, N(C6), _xlpm.flc, N(D6), _xlpm.I_MCCB, 160, _xlpm.I_ACB, 630, _xlpm.tACB, "400V Air Circuit Breaker(ACB) Feeder Cubicle (per Dwg LV1)", _xlpm.tMCCB_HI, "400V MCCB Feeder Cubicle (I > 160A, per Dwg LV3)", _xlpm.tMCCB_LO, "400V MCCB Feeder Cubicle (I < 160A, per Dwg LV4)", _xlpm.tM_LV_DOL, "400V DOL Motor Starter Cubicle", _xlpm.parts, _xlfn.TEXTSPLIT(_xlpm.tag,"-"), _xlpm.mid, IF(COUNTA(_xlpm.parts)>=2, INDEX(_xlpm.parts,1,2), ""), _xlpm.mapCodes, {"AHU";"CWP";"EF";"ACWC";"ACCU";"EDH";"WWG";"WWP";"HD"}, _xlpm.mapType, {"M";"M";"M";"F";"F";"F";"F";"F";"F"}, _xlpm.codeType, _xlfn.XLOOKUP(_xlpm.mid, _xlpm.mapCodes, _xlpm.mapType, ""), _xlpm.motorClass, IF(_xlpm.codeType="M", _xlfn.IFS( _xlpm.mid="AHU", "M-E1", AND(_xlpm.kw>=0.37, _xlpm.kw<=15), "M-A1", AND(_xlpm.kw>=18.5, _xlpm.kw<22), "M-A1", AND(_xlpm.kw>=22, _xlpm.kw<=37), "M-B1", AND(_xlpm.kw>=45, _xlpm.kw<=75), "M-B1", AND(_xlpm.kw>=90, _xlpm.kw<=110), "M-B1", AND(_xlpm.kw>110, _xlpm.kw<132), "M-C1", AND(_xlpm.kw>=132, _xlpm.kw<=200), "M-D1", _xlpm.kw>200, "M-E1", TRUE, "<review>" ), "" ), _xlpm.FeederSel, IF(_xlpm.flc>=_xlpm.I_ACB, _xlpm.tACB, IF(_xlpm.flc>_xlpm.I_MCCB, _xlpm.tMCCB_HI, _xlpm.tMCCB_LO)), IF(_xlpm.codeType="F", _xlpm.FeederSel, IF(_xlpm.codeType="M", IF(_xlpm.motorClass="<review>", "<review>", _xlpm.tM_LV_DOL), "CHECK TAG CODE: "&_xlpm.mid ) ) )} -> 400V DOL Motor Starter Cubicle | G6: {=_xlfn.LET( _xlpm.c, UPPER(TRIM(_81IK6100018[[#This Row],[Starter Type]])), _xlpm.kw, N(_81IK6100018[[#This Row],[RATED POWER]]), _xlpm.flc, N(_81IK6100018[[#This Row],[FULL LOAD CURRENT]]), _xlpm.feederType, IFERROR( _xlfn.IFS( _xlpm.c="M-A1", "M_A1", _xlpm.c="M-B1", "M_B1", _xlpm.c="M-C1", "M_C1", _xlpm.c="M-D1", "M_D1", _xlpm.c="M-E1", "M_E1", _xlpm.c="U", "UPS", _xlpm.c="F", "FEEDER", _xlpm.c="L", "LIGHT", _xlpm.c="H", "HEATER", ISNUMBER(SEARCH("ACB", _xlpm.c)), "ACB", ISNUMBER(SEARCH("I > 160A", _xlpm.c)), "MCCB_HI", ISNUMBER(SEARCH("I < 160A", _xlpm.c)), "MCCB_LO", ISNUMBER(SEARCH("3PH+N+PE", _xlpm.c)), "3PNPE", ISNUMBER(SEARCH("SCR", _xlpm.c)), "SCR", ISNUMBER(SEARCH("VSD", _xlpm.c)), "MCCB_VSD", ISNUMBER(SEARCH("FVNR", _xlpm.c)), "FVNR", TRUE, "OTHER" ), "OTHER" ), _xlpm.LowE, _xlfn.LAMBDA(_xlpm.a, IF(_xlpm.a<=50, "8E", IF(_xlpm.a<=100, "12E", "16E"))), _xlpm.HighE, _xlfn.LAMBDA(_xlpm.a, IF(_xlpm.a<=250, "16E", IF(_xlpm.a<=400, "24E", "36E"))), _xlpm.FeederE, IF(_xlpm.flc<=32, "8E/4", IF(_xlpm.flc<=160, _xlpm.LowE(_xlpm.flc), _xlpm.HighE(_xlpm.flc))), _xlfn.IFS( _xlpm.feederType="ACB", "72E", _xlpm.feederType="MCCB_LO", _xlpm.LowE(_xlpm.flc), _xlpm.feederType="MCCB_HI", _xlpm.HighE(_xlpm.flc), _xlpm.feederType="3PNPE", _xlpm.LowE(_xlpm.flc), _xlpm.feederType="SCR", IF(_xlpm.flc<=63, "8E", IF(_xlpm.flc<=125, "12E", IF(_xlpm.flc<=250, "24E", "36E"))), _xlpm.feederType="MCCB_VSD",_xlpm.HighE(_xlpm.flc), _xlpm.feederType="FVNR", IF(_xlpm.kw<=55, "16E", IF(_xlpm.kw<=90, "24E", "36E")), _xlpm.feederType="M_A1", IF(_xlpm.kw<=15, "8E/4", "8E"), _xlpm.feederType="M_B1", IF(_xlpm.kw<=37, "8E", "12E"), _xlpm.feederType="M_C1", IF(_xlpm.kw<132, "12E", "16E"), _xlpm.feederType="M_D1", "16E", _xlpm.feederType="M_E1", "24E", _xlpm.feederType="UPS", IF(_xlpm.flc<=50, "8E", IF(_xlpm.flc<=100, "12E", IF(_xlpm.flc<=250, "16E", IF(_xlpm.flc<=400, "24E", "36E")))), _xlpm.feederType="FEEDER", _xlpm.FeederE, _xlpm.feederType="LIGHT", _xlpm.FeederE, _xlpm.feederType="HEATER", _xlpm.FeederE, TRUE, "<review>" ) )} -> 8E/4 | N6: U | O6: 400V UPS Feeder Cubicle | P6: 8E | Q6: =COUNTIFS($E$4:$E$18,N6,$F$4:$F$18,O6,$G$4:$G$18,P6) -> 0 | R6: =ROUNDUP(Q6*0.2,0) -> 0
A7: WH-CWP-001B | B7: A | C7: 4.37 | D7: 6.9229226 | E7: {=_xlfn.LET( _xlpm.tag, UPPER(TRIM(A7)), _xlpm.kw, N(C7), _xlpm.parts, _xlfn.TEXTSPLIT(_xlpm.tag,"-"), _xlpm.mid, IF(COUNTA(_xlpm.parts)>=2, INDEX(_xlpm.parts,1,2), ""), _xlpm.mapCodes, {"AHU";"CWP";"EF";"ACWC";"ACCU";"EDH";"WWG";"WWP";"HD"}, _xlpm.mapType, {"M";"M";"M";"F";"F";"F";"F";"F";"F"}, _xlpm.codeType, _xlfn.XLOOKUP(_xlpm.mid, _xlpm.mapCodes, _xlpm.mapType, ""), IF(_xlpm.codeType="F","F", IF(_xlpm.codeType="M", _xlfn.IFS( _xlpm.mid="AHU", "M-E1", AND(_xlpm.kw>=0.37, _xlpm.kw<=15), "M-A1", AND(_xlpm.kw>=18.5, _xlpm.kw<22), "M-A1", AND(_xlpm.kw>=22, _xlpm.kw<=37), "M-B1", AND(_xlpm.kw>=45, _xlpm.kw<=75), "M-B1", AND(_xlpm.kw>=90, _xlpm.kw<=110), "M-B1", AND(_xlpm.kw>110, _xlpm.kw<132), "M-C1", AND(_xlpm.kw>=132, _xlpm.kw<=200), "M-D1", _xlpm.kw>200, "M-E1", TRUE, "<review>" ), "<review>" ) ) )} -> M-A1 | F7: {=_xlfn.LET( _xlpm.tag, UPPER(TRIM(A7)), _xlpm.kw, N(C7), _xlpm.flc, N(D7), _xlpm.I_MCCB, 160, _xlpm.I_ACB, 630, _xlpm.tACB, "400V Air Circuit Breaker(ACB) Feeder Cubicle (per Dwg LV1)", _xlpm.tMCCB_HI, "400V MCCB Feeder Cubicle (I > 160A, per Dwg LV3)", _xlpm.tMCCB_LO, "400V MCCB Feeder Cubicle (I < 160A, per Dwg LV4)", _xlpm.tM_LV_DOL, "400V DOL Motor Starter Cubicle", _xlpm.parts, _xlfn.TEXTSPLIT(_xlpm.tag,"-"), _xlpm.mid, IF(COUNTA(_xlpm.parts)>=2, INDEX(_xlpm.parts,1,2), ""), _xlpm.mapCodes, {"AHU";"CWP";"EF";"ACWC";"ACCU";"EDH";"WWG";"WWP";"HD"}, _xlpm.mapType, {"M";"M";"M";"F";"F";"F";"F";"F";"F"}, _xlpm.codeType, _xlfn.XLOOKUP(_xlpm.mid, _xlpm.mapCodes, _xlpm.mapType, ""), _xlpm.motorClass, IF(_xlpm.codeType="M", _xlfn.IFS( _xlpm.mid="AHU", "M-E1", AND(_xlpm.kw>=0.37, _xlpm.kw<=15), "M-A1", AND(_xlpm.kw>=18.5, _xlpm.kw<22), "M-A1", AND(_xlpm.kw>=22, _xlpm.kw<=37), "M-B1", AND(_xlpm.kw>=45, _xlpm.kw<=75), "M-B1", AND(_xlpm.kw>=90, _xlpm.kw<=110), "M-B1", AND(_xlpm.kw>110, _xlpm.kw<132), "M-C1", AND(_xlpm.kw>=132, _xlpm.kw<=200), "M-D1", _xlpm.kw>200, "M-E1", TRUE, "<review>" ), "" ), _xlpm.FeederSel, IF(_xlpm.flc>=_xlpm.I_ACB, _xlpm.tACB, IF(_xlpm.flc>_xlpm.I_MCCB, _xlpm.tMCCB_HI, _xlpm.tMCCB_LO)), IF(_xlpm.codeType="F", _xlpm.FeederSel, IF(_xlpm.codeType="M", IF(_xlpm.motorClass="<review>", "<review>", _xlpm.tM_LV_DOL), "CHECK TAG CODE: "&_xlpm.mid ) ) )} -> 400V DOL Motor Starter Cubicle | G7: {=_xlfn.LET( _xlpm.c, UPPER(TRIM(_81IK6100018[[#This Row],[Starter Type]])), _xlpm.kw, N(_81IK6100018[[#This Row],[RATED POWER]]), _xlpm.flc, N(_81IK6100018[[#This Row],[FULL LOAD CURRENT]]), _xlpm.feederType, IFERROR( _xlfn.IFS( _xlpm.c="M-A1", "M_A1", _xlpm.c="M-B1", "M_B1", _xlpm.c="M-C1", "M_C1", _xlpm.c="M-D1", "M_D1", _xlpm.c="M-E1", "M_E1", _xlpm.c="U", "UPS", _xlpm.c="F", "FEEDER", _xlpm.c="L", "LIGHT", _xlpm.c="H", "HEATER", ISNUMBER(SEARCH("ACB", _xlpm.c)), "ACB", ISNUMBER(SEARCH("I > 160A", _xlpm.c)), "MCCB_HI", ISNUMBER(SEARCH("I < 160A", _xlpm.c)), "MCCB_LO", ISNUMBER(SEARCH("3PH+N+PE", _xlpm.c)), "3PNPE", ISNUMBER(SEARCH("SCR", _xlpm.c)), "SCR", ISNUMBER(SEARCH("VSD", _xlpm.c)), "MCCB_VSD", ISNUMBER(SEARCH("FVNR", _xlpm.c)), "FVNR", TRUE, "OTHER" ), "OTHER" ), _xlpm.LowE, _xlfn.LAMBDA(_xlpm.a, IF(_xlpm.a<=50, "8E", IF(_xlpm.a<=100, "12E", "16E"))), _xlpm.HighE, _xlfn.LAMBDA(_xlpm.a, IF(_xlpm.a<=250, "16E", IF(_xlpm.a<=400, "24E", "36E"))), _xlpm.FeederE, IF(_xlpm.flc<=32, "8E/4", IF(_xlpm.flc<=160, _xlpm.LowE(_xlpm.flc), _xlpm.HighE(_xlpm.flc))), _xlfn.IFS( _xlpm.feederType="ACB", "72E", _xlpm.feederType="MCCB_LO", _xlpm.LowE(_xlpm.flc), _xlpm.feederType="MCCB_HI", _xlpm.HighE(_xlpm.flc), _xlpm.feederType="3PNPE", _xlpm.LowE(_xlpm.flc), _xlpm.feederType="SCR", IF(_xlpm.flc<=63, "8E", IF(_xlpm.flc<=125, "12E", IF(_xlpm.flc<=250, "24E", "36E"))), _xlpm.feederType="MCCB_VSD",_xlpm.HighE(_xlpm.flc), _xlpm.feederType="FVNR", IF(_xlpm.kw<=55, "16E", IF(_xlpm.kw<=90, "24E", "36E")), _xlpm.feederType="M_A1", IF(_xlpm.kw<=15, "8E/4", "8E"), _xlpm.feederType="M_B1", IF(_xlpm.kw<=37, "8E", "12E"), _xlpm.feederType="M_C1", IF(_xlpm.kw<132, "12E", "16E"), _xlpm.feederType="M_D1", "16E", _xlpm.feederType="M_E1", "24E", _xlpm.feederType="UPS", IF(_xlpm.flc<=50, "8E", IF(_xlpm.flc<=100, "12E", IF(_xlpm.flc<=250, "16E", IF(_xlpm.flc<=400, "24E", "36E")))), _xlpm.feederType="FEEDER", _xlpm.FeederE, _xlpm.feederType="LIGHT", _xlpm.FeederE, _xlpm.feederType="HEATER", _xlpm.FeederE, TRUE, "<review>" ) )} -> 8E/4 | N7: U | O7: 400V UPS Feeder Cubicle | P7: 12E | Q7: =COUNTIFS($E$4:$E$18,N7,$F$4:$F$18,O7,$G$4:$G$18,P7) -> 0 | R7: =ROUNDUP(Q7*0.2,0) -> 0
A8: WH-ACCU-001 | B8: A | C8: 24.5 | D8: 38.812724 | E8: {=_xlfn.LET( _xlpm.tag, UPPER(TRIM(A8)), _xlpm.kw, N(C8), _xlpm.parts, _xlfn.TEXTSPLIT(_xlpm.tag,"-"), _xlpm.mid, IF(COUNTA(_xlpm.parts)>=2, INDEX(_xlpm.parts,1,2), ""), _xlpm.mapCodes, {"AHU";"CWP";"EF";"ACWC";"ACCU";"EDH";"WWG";"WWP";"HD"}, _xlpm.mapType, {"M";"M";"M";"F";"F";"F";"F";"F";"F"}, _xlpm.codeType, _xlfn.XLOOKUP(_xlpm.mid, _xlpm.mapCodes, _xlpm.mapType, ""), IF(_xlpm.codeType="F","F", IF(_xlpm.codeType="M", _xlfn.IFS( _xlpm.mid="AHU", "M-E1", AND(_xlpm.kw>=0.37, _xlpm.kw<=15), "M-A1", AND(_xlpm.kw>=18.5, _xlpm.kw<22), "M-A1", AND(_xlpm.kw>=22, _xlpm.kw<=37), "M-B1", AND(_xlpm.kw>=45, _xlpm.kw<=75), "M-B1", AND(_xlpm.kw>=90, _xlpm.kw<=110), "M-B1", AND(_xlpm.kw>110, _xlpm.kw<132), "M-C1", AND(_xlpm.kw>=132, _xlpm.kw<=200), "M-D1", _xlpm.kw>200, "M-E1", TRUE, "<review>" ), "<review>" ) ) )} -> F | F8: {=_xlfn.LET( _xlpm.tag, UPPER(TRIM(A8)), _xlpm.kw, N(C8), _xlpm.flc, N(D8), _xlpm.I_MCCB, 160, _xlpm.I_ACB, 630, _xlpm.tACB, "400V Air Circuit Breaker(ACB) Feeder Cubicle (per Dwg LV1)", _xlpm.tMCCB_HI, "400V MCCB Feeder Cubicle (I > 160A, per Dwg LV3)", _xlpm.tMCCB_LO, "400V MCCB Feeder Cubicle (I < 160A, per Dwg LV4)", _xlpm.tM_LV_DOL, "400V DOL Motor Starter Cubicle", _xlpm.parts, _xlfn.TEXTSPLIT(_xlpm.tag,"-"), _xlpm.mid, IF(COUNTA(_xlpm.parts)>=2, INDEX(_xlpm.parts,1,2), ""), _xlpm.mapCodes, {"AHU";"CWP";"EF";"ACWC";"ACCU";"EDH";"WWG";"WWP";"HD"}, _xlpm.mapType, {"M";"M";"M";"F";"F";"F";"F";"F";"F"}, _xlpm.codeType, _xlfn.XLOOKUP(_xlpm.mid, _xlpm.mapCodes, _xlpm.mapType, ""), _xlpm.motorClass, IF(_xlpm.codeType="M", _xlfn.IFS( _xlpm.mid="AHU", "M-E1", AND(_xlpm.kw>=0.37, _xlpm.kw<=15), "M-A1", AND(_xlpm.kw>=18.5, _xlpm.kw<22), "M-A1", AND(_xlpm.kw>=22, _xlpm.kw<=37), "M-B1", AND(_xlpm.kw>=45, _xlpm.kw<=75), "M-B1", AND(_xlpm.kw>=90, _xlpm.kw<=110), "M-B1", AND(_xlpm.kw>110, _xlpm.kw<132), "M-C1", AND(_xlpm.kw>=132, _xlpm.kw<=200), "M-D1", _xlpm.kw>200, "M-E1", TRUE, "<review>" ), "" ), _xlpm.FeederSel, IF(_xlpm.flc>=_xlpm.I_ACB, _xlpm.tACB, IF(_xlpm.flc>_xlpm.I_MCCB, _xlpm.tMCCB_HI, _xlpm.tMCCB_LO)), IF(_xlpm.codeType="F", _xlpm.FeederSel, IF(_xlpm.codeType="M", IF(_xlpm.motorClass="<review>", "<review>", _xlpm.tM_LV_DOL), "CHECK TAG CODE: "&_xlpm.mid ) ) )} -> 400V MCCB Feeder Cubicle (I < 160A, per Dwg LV4) | G8: {=_xlfn.LET( _xlpm.c, UPPER(TRIM(_81IK6100018[[#This Row],[Starter Type]])), _xlpm.kw, N(_81IK6100018[[#This Row],[RATED POWER]]), _xlpm.flc, N(_81IK6100018[[#This Row],[FULL LOAD CURRENT]]), _xlpm.feederType, IFERROR( _xlfn.IFS( _xlpm.c="M-A1", "M_A1", _xlpm.c="M-B1", "M_B1", _xlpm.c="M-C1", "M_C1", _xlpm.c="M-D1", "M_D1", _xlpm.c="M-E1", "M_E1", _xlpm.c="U", "UPS", _xlpm.c="F", "FEEDER", _xlpm.c="L", "LIGHT", _xlpm.c="H", "HEATER", ISNUMBER(SEARCH("ACB", _xlpm.c)), "ACB", ISNUMBER(SEARCH("I > 160A", _xlpm.c)), "MCCB_HI", ISNUMBER(SEARCH("I < 160A", _xlpm.c)), "MCCB_LO", ISNUMBER(SEARCH("3PH+N+PE", _xlpm.c)), "3PNPE", ISNUMBER(SEARCH("SCR", _xlpm.c)), "SCR", ISNUMBER(SEARCH("VSD", _xlpm.c)), "MCCB_VSD", ISNUMBER(SEARCH("FVNR", _xlpm.c)), "FVNR", TRUE, "OTHER" ), "OTHER" ), _xlpm.LowE, _xlfn.LAMBDA(_xlpm.a, IF(_xlpm.a<=50, "8E", IF(_xlpm.a<=100, "12E", "16E"))), _xlpm.HighE, _xlfn.LAMBDA(_xlpm.a, IF(_xlpm.a<=250, "16E", IF(_xlpm.a<=400, "24E", "36E"))), _xlpm.FeederE, IF(_xlpm.flc<=32, "8E/4", IF(_xlpm.flc<=160, _xlpm.LowE(_xlpm.flc), _xlpm.HighE(_xlpm.flc))), _xlfn.IFS( _xlpm.feederType="ACB", "72E", _xlpm.feederType="MCCB_LO", _xlpm.LowE(_xlpm.flc), _xlpm.feederType="MCCB_HI", _xlpm.HighE(_xlpm.flc), _xlpm.feederType="3PNPE", _xlpm.LowE(_xlpm.flc), _xlpm.feederType="SCR", IF(_xlpm.flc<=63, "8E", IF(_xlpm.flc<=125, "12E", IF(_xlpm.flc<=250, "24E", "36E"))), _xlpm.feederType="MCCB_VSD",_xlpm.HighE(_xlpm.flc), _xlpm.feederType="FVNR", IF(_xlpm.kw<=55, "16E", IF(_xlpm.kw<=90, "24E", "36E")), _xlpm.feederType="M_A1", IF(_xlpm.kw<=15, "8E/4", "8E"), _xlpm.feederType="M_B1", IF(_xlpm.kw<=37, "8E", "12E"), _xlpm.feederType="M_C1", IF(_xlpm.kw<132, "12E", "16E"), _xlpm.feederType="M_D1", "16E", _xlpm.feederType="M_E1", "24E", _xlpm.feederType="UPS", IF(_xlpm.flc<=50, "8E", IF(_xlpm.flc<=100, "12E", IF(_xlpm.flc<=250, "16E", IF(_xlpm.flc<=400, "24E", "36E")))), _xlpm.feederType="FEEDER", _xlpm.FeederE, _xlpm.feederType="LIGHT", _xlpm.FeederE, _xlpm.feederType="HEATER", _xlpm.FeederE, TRUE, "<review>" ) )} -> 8E | N8: M-E1 | O8: 400V DOL Motor Starter Cubicle | P8: 36E | Q8: =COUNTIFS($E$4:$E$18,N8,$F$4:$F$18,O8,$G$4:$G$18,P8) -> 0 | R8: =ROUNDUP(Q8*0.2,0) -> 0
A9: WH-ACCU-002 | B9: A | C9: 24.5 | D9: 38.812724 | E9: {=_xlfn.LET( _xlpm.tag, UPPER(TRIM(A9)), _xlpm.kw, N(C9), _xlpm.parts, _xlfn.TEXTSPLIT(_xlpm.tag,"-"), _xlpm.mid, IF(COUNTA(_xlpm.parts)>=2, INDEX(_xlpm.parts,1,2), ""), _xlpm.mapCodes, {"AHU";"CWP";"EF";"ACWC";"ACCU";"EDH";"WWG";"WWP";"HD"}, _xlpm.mapType, {"M";"M";"M";"F";"F";"F";"F";"F";"F"}, _xlpm.codeType, _xlfn.XLOOKUP(_xlpm.mid, _xlpm.mapCodes, _xlpm.mapType, ""), IF(_xlpm.codeType="F","F", IF(_xlpm.codeType="M", _xlfn.IFS( _xlpm.mid="AHU", "M-E1", AND(_xlpm.kw>=0.37, _xlpm.kw<=15), "M-A1", AND(_xlpm.kw>=18.5, _xlpm.kw<22), "M-A1", AND(_xlpm.kw>=22, _xlpm.kw<=37), "M-B1", AND(_xlpm.kw>=45, _xlpm.kw<=75), "M-B1", AND(_xlpm.kw>=90, _xlpm.kw<=110), "M-B1", AND(_xlpm.kw>110, _xlpm.kw<132), "M-C1", AND(_xlpm.kw>=132, _xlpm.kw<=200), "M-D1", _xlpm.kw>200, "M-E1", TRUE, "<review>" ), "<review>" ) ) )} -> F | F9: {=_xlfn.LET( _xlpm.tag, UPPER(TRIM(A9)), _xlpm.kw, N(C9), _xlpm.flc, N(D9), _xlpm.I_MCCB, 160, _xlpm.I_ACB, 630, _xlpm.tACB, "400V Air Circuit Breaker(ACB) Feeder Cubicle (per Dwg LV1)", _xlpm.tMCCB_HI, "400V MCCB Feeder Cubicle (I > 160A, per Dwg LV3)", _xlpm.tMCCB_LO, "400V MCCB Feeder Cubicle (I < 160A, per Dwg LV4)", _xlpm.tM_LV_DOL, "400V DOL Motor Starter Cubicle", _xlpm.parts, _xlfn.TEXTSPLIT(_xlpm.tag,"-"), _xlpm.mid, IF(COUNTA(_xlpm.parts)>=2, INDEX(_xlpm.parts,1,2), ""), _xlpm.mapCodes, {"AHU";"CWP";"EF";"ACWC";"ACCU";"EDH";"WWG";"WWP";"HD"}, _xlpm.mapType, {"M";"M";"M";"F";"F";"F";"F";"F";"F"}, _xlpm.codeType, _xlfn.XLOOKUP(_xlpm.mid, _xlpm.mapCodes, _xlpm.mapType, ""), _xlpm.motorClass, IF(_xlpm.codeType="M", _xlfn.IFS( _xlpm.mid="AHU", "M-E1", AND(_xlpm.kw>=0.37, _xlpm.kw<=15), "M-A1", AND(_xlpm.kw>=18.5, _xlpm.kw<22), "M-A1", AND(_xlpm.kw>=22, _xlpm.kw<=37), "M-B1", AND(_xlpm.kw>=45, _xlpm.kw<=75), "M-B1", AND(_xlpm.kw>=90, _xlpm.kw<=110), "M-B1", AND(_xlpm.kw>110, _xlpm.kw<132), "M-C1", AND(_xlpm.kw>=132, _xlpm.kw<=200), "M-D1", _xlpm.kw>200, "M-E1", TRUE, "<review>" ), "" ), _xlpm.FeederSel, IF(_xlpm.flc>=_xlpm.I_ACB, _xlpm.tACB, IF(_xlpm.flc>_xlpm.I_MCCB, _xlpm.tMCCB_HI, _xlpm.tMCCB_LO)), IF(_xlpm.codeType="F", _xlpm.FeederSel, IF(_xlpm.codeType="M", IF(_xlpm.motorClass="<review>", "<review>", _xlpm.tM_LV_DOL), "CHECK TAG CODE: "&_xlpm.mid ) ) )} -> 400V MCCB Feeder Cubicle (I < 160A, per Dwg LV4) | G9: {=_xlfn.LET( _xlpm.c, UPPER(TRIM(_81IK6100018[[#This Row],[Starter Type]])), _xlpm.kw, N(_81IK6100018[[#This Row],[RATED POWER]]), _xlpm.flc, N(_81IK6100018[[#This Row],[FULL LOAD CURRENT]]), _xlpm.feederType, IFERROR( _xlfn.IFS( _xlpm.c="M-A1", "M_A1", _xlpm.c="M-B1", "M_B1", _xlpm.c="M-C1", "M_C1", _xlpm.c="M-D1", "M_D1", _xlpm.c="M-E1", "M_E1", _xlpm.c="U", "UPS", _xlpm.c="F", "FEEDER", _xlpm.c="L", "LIGHT", _xlpm.c="H", "HEATER", ISNUMBER(SEARCH("ACB", _xlpm.c)), "ACB", ISNUMBER(SEARCH("I > 160A", _xlpm.c)), "MCCB_HI", ISNUMBER(SEARCH("I < 160A", _xlpm.c)), "MCCB_LO", ISNUMBER(SEARCH("3PH+N+PE", _xlpm.c)), "3PNPE", ISNUMBER(SEARCH("SCR", _xlpm.c)), "SCR", ISNUMBER(SEARCH("VSD", _xlpm.c)), "MCCB_VSD", ISNUMBER(SEARCH("FVNR", _xlpm.c)), "FVNR", TRUE, "OTHER" ), "OTHER" ), _xlpm.LowE, _xlfn.LAMBDA(_xlpm.a, IF(_xlpm.a<=50, "8E", IF(_xlpm.a<=100, "12E", "16E"))), _xlpm.HighE, _xlfn.LAMBDA(_xlpm.a, IF(_xlpm.a<=250, "16E", IF(_xlpm.a<=400, "24E", "36E"))), _xlpm.FeederE, IF(_xlpm.flc<=32, "8E/4", IF(_xlpm.flc<=160, _xlpm.LowE(_xlpm.flc), _xlpm.HighE(_xlpm.flc))), _xlfn.IFS( _xlpm.feederType="ACB", "72E", _xlpm.feederType="MCCB_LO", _xlpm.LowE(_xlpm.flc), _xlpm.feederType="MCCB_HI", _xlpm.HighE(_xlpm.flc), _xlpm.feederType="3PNPE", _xlpm.LowE(_xlpm.flc), _xlpm.feederType="SCR", IF(_xlpm.flc<=63, "8E", IF(_xlpm.flc<=125, "12E", IF(_xlpm.flc<=250, "24E", "36E"))), _xlpm.feederType="MCCB_VSD",_xlpm.HighE(_xlpm.flc), _xlpm.feederType="FVNR", IF(_xlpm.kw<=55, "16E", IF(_xlpm.kw<=90, "24E", "36E")), _xlpm.feederType="M_A1", IF(_xlpm.kw<=15, "8E/4", "8E"), _xlpm.feederType="M_B1", IF(_xlpm.kw<=37, "8E", "12E"), _xlpm.feederType="M_C1", IF(_xlpm.kw<132, "12E", "16E"), _xlpm.feederType="M_D1", "16E", _xlpm.feederType="M_E1", "24E", _xlpm.feederType="UPS", IF(_xlpm.flc<=50, "8E", IF(_xlpm.flc<=100, "12E", IF(_xlpm.flc<=250, "16E", IF(_xlpm.flc<=400, "24E", "36E")))), _xlpm.feederType="FEEDER", _xlpm.FeederE, _xlpm.feederType="LIGHT", _xlpm.FeederE, _xlpm.feederType="HEATER", _xlpm.FeederE, TRUE, "<review>" ) )} -> 8E | N9: F | O9: 400V MCCB Feeder Cubicle (I > 160A, per Dwg LV3) | P9: 16E | Q9: =COUNTIFS($E$4:$E$18,N9,$F$4:$F$18,O9,$G$4:$G$18,P9) -> 0 | R9: =ROUNDUP(Q9*0.2,0) -> 0
A10: WH-EF-001 | B10: A | C10: 0.37 | D10: 1.0193936 | E10: {=_xlfn.LET( _xlpm.tag, UPPER(TRIM(A10)), _xlpm.kw, N(C10), _xlpm.parts, _xlfn.TEXTSPLIT(_xlpm.tag,"-"), _xlpm.mid, IF(COUNTA(_xlpm.parts)>=2, INDEX(_xlpm.parts,1,2), ""), _xlpm.mapCodes, {"AHU";"CWP";"EF";"ACWC";"ACCU";"EDH";"WWG";"WWP";"HD"}, _xlpm.mapType, {"M";"M";"M";"F";"F";"F";"F";"F";"F"}, _xlpm.codeType, _xlfn.XLOOKUP(_xlpm.mid, _xlpm.mapCodes, _xlpm.mapType, ""), IF(_xlpm.codeType="F","F", IF(_xlpm.codeType="M", _xlfn.IFS( _xlpm.mid="AHU", "M-E1", AND(_xlpm.kw>=0.37, _xlpm.kw<=15), "M-A1", AND(_xlpm.kw>=18.5, _xlpm.kw<22), "M-A1", AND(_xlpm.kw>=22, _xlpm.kw<=37), "M-B1", AND(_xlpm.kw>=45, _xlpm.kw<=75), "M-B1", AND(_xlpm.kw>=90, _xlpm.kw<=110), "M-B1", AND(_xlpm.kw>110, _xlpm.kw<132), "M-C1", AND(_xlpm.kw>=132, _xlpm.kw<=200), "M-D1", _xlpm.kw>200, "M-E1", TRUE, "<review>" ), "<review>" ) ) )} -> M-A1 | F10: {=_xlfn.LET( _xlpm.tag, UPPER(TRIM(A10)), _xlpm.kw, N(C10), _xlpm.flc, N(D10), _xlpm.I_MCCB, 160, _xlpm.I_ACB, 630, _xlpm.tACB, "400V Air Circuit Breaker(ACB) Feeder Cubicle (per Dwg LV1)", _xlpm.tMCCB_HI, "400V MCCB Feeder Cubicle (I > 160A, per Dwg LV3)", _xlpm.tMCCB_LO, "400V MCCB Feeder Cubicle (I < 160A, per Dwg LV4)", _xlpm.tM_LV_DOL, "400V DOL Motor Starter Cubicle", _xlpm.parts, _xlfn.TEXTSPLIT(_xlpm.tag,"-"), _xlpm.mid, IF(COUNTA(_xlpm.parts)>=2, INDEX(_xlpm.parts,1,2), ""), _xlpm.mapCodes, {"AHU";"CWP";"EF";"ACWC";"ACCU";"EDH";"WWG";"WWP";"HD"}, _xlpm.mapType, {"M";"M";"M";"F";"F";"F";"F";"F";"F"}, _xlpm.codeType, _xlfn.XLOOKUP(_xlpm.mid, _xlpm.mapCodes, _xlpm.mapType, ""), _xlpm.motorClass, IF(_xlpm.codeType="M", _xlfn.IFS( _xlpm.mid="AHU", "M-E1", AND(_xlpm.kw>=0.37, _xlpm.kw<=15), "M-A1", AND(_xlpm.kw>=18.5, _xlpm.kw<22), "M-A1", AND(_xlpm.kw>=22, _xlpm.kw<=37), "M-B1", AND(_xlpm.kw>=45, _xlpm.kw<=75), "M-B1", AND(_xlpm.kw>=90, _xlpm.kw<=110), "M-B1", AND(_xlpm.kw>110, _xlpm.kw<132), "M-C1", AND(_xlpm.kw>=132, _xlpm.kw<=200), "M-D1", _xlpm.kw>200, "M-E1", TRUE, "<review>" ), "" ), _xlpm.FeederSel, IF(_xlpm.flc>=_xlpm.I_ACB, _xlpm.tACB, IF(_xlpm.flc>_xlpm.I_MCCB, _xlpm.tMCCB_HI, _xlpm.tMCCB_LO)), IF(_xlpm.codeType="F", _xlpm.FeederSel, IF(_xlpm.codeType="M", IF(_xlpm.motorClass="<review>", "<review>", _xlpm.tM_LV_DOL), "CHECK TAG CODE: "&_xlpm.mid ) ) )} -> 400V DOL Motor Starter Cubicle | G10: {=_xlfn.LET( _xlpm.c, UPPER(TRIM(_81IK6100018[[#This Row],[Starter Type]])), _xlpm.kw, N(_81IK6100018[[#This Row],[RATED POWER]]), _xlpm.flc, N(_81IK6100018[[#This Row],[FULL LOAD CURRENT]]), _xlpm.feederType, IFERROR( _xlfn.IFS( _xlpm.c="M-A1", "M_A1", _xlpm.c="M-B1", "M_B1", _xlpm.c="M-C1", "M_C1", _xlpm.c="M-D1", "M_D1", _xlpm.c="M-E1", "M_E1", _xlpm.c="U", "UPS", _xlpm.c="F", "FEEDER", _xlpm.c="L", "LIGHT", _xlpm.c="H", "HEATER", ISNUMBER(SEARCH("ACB", _xlpm.c)), "ACB", ISNUMBER(SEARCH("I > 160A", _xlpm.c)), "MCCB_HI", ISNUMBER(SEARCH("I < 160A", _xlpm.c)), "MCCB_LO", ISNUMBER(SEARCH("3PH+N+PE", _xlpm.c)), "3PNPE", ISNUMBER(SEARCH("SCR", _xlpm.c)), "SCR", ISNUMBER(SEARCH("VSD", _xlpm.c)), "MCCB_VSD", ISNUMBER(SEARCH("FVNR", _xlpm.c)), "FVNR", TRUE, "OTHER" ), "OTHER" ), _xlpm.LowE, _xlfn.LAMBDA(_xlpm.a, IF(_xlpm.a<=50, "8E", IF(_xlpm.a<=100, "12E", "16E"))), _xlpm.HighE, _xlfn.LAMBDA(_xlpm.a, IF(_xlpm.a<=250, "16E", IF(_xlpm.a<=400, "24E", "36E"))), _xlpm.FeederE, IF(_xlpm.flc<=32, "8E/4", IF(_xlpm.flc<=160, _xlpm.LowE(_xlpm.flc), _xlpm.HighE(_xlpm.flc))), _xlfn.IFS( _xlpm.feederType="ACB", "72E", _xlpm.feederType="MCCB_LO", _xlpm.LowE(_xlpm.flc), _xlpm.feederType="MCCB_HI", _xlpm.HighE(_xlpm.flc), _xlpm.feederType="3PNPE", _xlpm.LowE(_xlpm.flc), _xlpm.feederType="SCR", IF(_xlpm.flc<=63, "8E", IF(_xlpm.flc<=125, "12E", IF(_xlpm.flc<=250, "24E", "36E"))), _xlpm.feederType="MCCB_VSD",_xlpm.HighE(_xlpm.flc), _xlpm.feederType="FVNR", IF(_xlpm.kw<=55, "16E", IF(_xlpm.kw<=90, "24E", "36E")), _xlpm.feederType="M_A1", IF(_xlpm.kw<=15, "8E/4", "8E"), _xlpm.feederType="M_B1", IF(_xlpm.kw<=37, "8E", "12E"), _xlpm.feederType="M_C1", IF(_xlpm.kw<132, "12E", "16E"), _xlpm.feederType="M_D1", "16E", _xlpm.feederType="M_E1", "24E", _xlpm.feederType="UPS", IF(_xlpm.flc<=50, "8E", IF(_xlpm.flc<=100, "12E", IF(_xlpm.flc<=250, "16E", IF(_xlpm.flc<=400, "24E", "36E")))), _xlpm.feederType="FEEDER", _xlpm.FeederE, _xlpm.feederType="LIGHT", _xlpm.FeederE, _xlpm.feederType="HEATER", _xlpm.FeederE, TRUE, "<review>" ) )} -> 8E/4 | N10: F | O10: 400V MCCB Feeder Cubicle (I < 160A, per Dwg LV4) | P10: 16E | Q10: =COUNTIFS($E$4:$E$18,N10,$F$4:$F$18,O10,$G$4:$G$18,P10) -> 1 | R10: =ROUNDUP(Q10*0.2,0) -> 1
A11: WH-EF-002 | B11: A | C11: 0.37 | D11: 0.58615134 | E11: {=_xlfn.LET( _xlpm.tag, UPPER(TRIM(A11)), _xlpm.kw, N(C11), _xlpm.parts, _xlfn.TEXTSPLIT(_xlpm.tag,"-"), _xlpm.mid, IF(COUNTA(_xlpm.parts)>=2, INDEX(_xlpm.parts,1,2), ""), _xlpm.mapCodes, {"AHU";"CWP";"EF";"ACWC";"ACCU";"EDH";"WWG";"WWP";"HD"}, _xlpm.mapType, {"M";"M";"M";"F";"F";"F";"F";"F";"F"}, _xlpm.codeType, _xlfn.XLOOKUP(_xlpm.mid, _xlpm.mapCodes, _xlpm.mapType, ""), IF(_xlpm.codeType="F","F", IF(_xlpm.codeType="M", _xlfn.IFS( _xlpm.mid="AHU", "M-E1", AND(_xlpm.kw>=0.37, _xlpm.kw<=15), "M-A1", AND(_xlpm.kw>=18.5, _xlpm.kw<22), "M-A1", AND(_xlpm.kw>=22, _xlpm.kw<=37), "M-B1", AND(_xlpm.kw>=45, _xlpm.kw<=75), "M-B1", AND(_xlpm.kw>=90, _xlpm.kw<=110), "M-B1", AND(_xlpm.kw>110, _xlpm.kw<132), "M-C1", AND(_xlpm.kw>=132, _xlpm.kw<=200), "M-D1", _xlpm.kw>200, "M-E1", TRUE, "<review>" ), "<review>" ) ) )} -> M-A1 | F11: {=_xlfn.LET( _xlpm.tag, UPPER(TRIM(A11)), _xlpm.kw, N(C11), _xlpm.flc, N(D11), _xlpm.I_MCCB, 160, _xlpm.I_ACB, 630, _xlpm.tACB, "400V Air Circuit Breaker(ACB) Feeder Cubicle (per Dwg LV1)", _xlpm.tMCCB_HI, "400V MCCB Feeder Cubicle (I > 160A, per Dwg LV3)", _xlpm.tMCCB_LO, "400V MCCB Feeder Cubicle (I < 160A, per Dwg LV4)", _xlpm.tM_LV_DOL, "400V DOL Motor Starter Cubicle", _xlpm.parts, _xlfn.TEXTSPLIT(_xlpm.tag,"-"), _xlpm.mid, IF(COUNTA(_xlpm.parts)>=2, INDEX(_xlpm.parts,1,2), ""), _xlpm.mapCodes, {"AHU";"CWP";"EF";"ACWC";"ACCU";"EDH";"WWG";"WWP";"HD"}, _xlpm.mapType, {"M";"M";"M";"F";"F";"F";"F";"F";"F"}, _xlpm.codeType, _xlfn.XLOOKUP(_xlpm.mid, _xlpm.mapCodes, _xlpm.mapType, ""), _xlpm.motorClass, IF(_xlpm.codeType="M", _xlfn.IFS( _xlpm.mid="AHU", "M-E1", AND(_xlpm.kw>=0.37, _xlpm.kw<=15), "M-A1", AND(_xlpm.kw>=18.5, _xlpm.kw<22), "M-A1", AND(_xlpm.kw>=22, _xlpm.kw<=37), "M-B1", AND(_xlpm.kw>=45, _xlpm.kw<=75), "M-B1", AND(_xlpm.kw>=90, _xlpm.kw<=110), "M-B1", AND(_xlpm.kw>110, _xlpm.kw<132), "M-C1", AND(_xlpm.kw>=132, _xlpm.kw<=200), "M-D1", _xlpm.kw>200, "M-E1", TRUE, "<review>" ), "" ), _xlpm.FeederSel, IF(_xlpm.flc>=_xlpm.I_ACB, _xlpm.tACB, IF(_xlpm.flc>_xlpm.I_MCCB, _xlpm.tMCCB_HI, _xlpm.tMCCB_LO)), IF(_xlpm.codeType="F", _xlpm.FeederSel, IF(_xlpm.codeType="M", IF(_xlpm.motorClass="<review>", "<review>", _xlpm.tM_LV_DOL), "CHECK TAG CODE: "&_xlpm.mid ) ) )} -> 400V DOL Motor Starter Cubicle | G11: {=_xlfn.LET( _xlpm.c, UPPER(TRIM(_81IK6100018[[#This Row],[Starter Type]])), _xlpm.kw, N(_81IK6100018[[#This Row],[RATED POWER]]), _xlpm.flc, N(_81IK6100018[[#This Row],[FULL LOAD CURRENT]]), _xlpm.feederType, IFERROR( _xlfn.IFS( _xlpm.c="M-A1", "M_A1", _xlpm.c="M-B1", "M_B1", _xlpm.c="M-C1", "M_C1", _xlpm.c="M-D1", "M_D1", _xlpm.c="M-E1", "M_E1", _xlpm.c="U", "UPS", _xlpm.c="F", "FEEDER", _xlpm.c="L", "LIGHT", _xlpm.c="H", "HEATER", ISNUMBER(SEARCH("ACB", _xlpm.c)), "ACB", ISNUMBER(SEARCH("I > 160A", _xlpm.c)), "MCCB_HI", ISNUMBER(SEARCH("I < 160A", _xlpm.c)), "MCCB_LO", ISNUMBER(SEARCH("3PH+N+PE", _xlpm.c)), "3PNPE", ISNUMBER(SEARCH("SCR", _xlpm.c)), "SCR", ISNUMBER(SEARCH("VSD", _xlpm.c)), "MCCB_VSD", ISNUMBER(SEARCH("FVNR", _xlpm.c)), "FVNR", TRUE, "OTHER" ), "OTHER" ), _xlpm.LowE, _xlfn.LAMBDA(_xlpm.a, IF(_xlpm.a<=50, "8E", IF(_xlpm.a<=100, "12E", "16E"))), _xlpm.HighE, _xlfn.LAMBDA(_xlpm.a, IF(_xlpm.a<=250, "16E", IF(_xlpm.a<=400, "24E", "36E"))), _xlpm.FeederE, IF(_xlpm.flc<=32, "8E/4", IF(_xlpm.flc<=160, _xlpm.LowE(_xlpm.flc), _xlpm.HighE(_xlpm.flc))), _xlfn.IFS( _xlpm.feederType="ACB", "72E", _xlpm.feederType="MCCB_LO", _xlpm.LowE(_xlpm.flc), _xlpm.feederType="MCCB_HI", _xlpm.HighE(_xlpm.flc), _xlpm.feederType="3PNPE", _xlpm.LowE(_xlpm.flc), _xlpm.feederType="SCR", IF(_xlpm.flc<=63, "8E", IF(_xlpm.flc<=125, "12E", IF(_xlpm.flc<=250, "24E", "36E"))), _xlpm.feederType="MCCB_VSD",_xlpm.HighE(_xlpm.flc), _xlpm.feederType="FVNR", IF(_xlpm.kw<=55, "16E", IF(_xlpm.kw<=90, "24E", "36E")), _xlpm.feederType="M_A1", IF(_xlpm.kw<=15, "8E/4", "8E"), _xlpm.feederType="M_B1", IF(_xlpm.kw<=37, "8E", "12E"), _xlpm.feederType="M_C1", IF(_xlpm.kw<132, "12E", "16E"), _xlpm.feederType="M_D1", "16E", _xlpm.feederType="M_E1", "24E", _xlpm.feederType="UPS", IF(_xlpm.flc<=50, "8E", IF(_xlpm.flc<=100, "12E", IF(_xlpm.flc<=250, "16E", IF(_xlpm.flc<=400, "24E", "36E")))), _xlpm.feederType="FEEDER", _xlpm.FeederE, _xlpm.feederType="LIGHT", _xlpm.FeederE, _xlpm.feederType="HEATER", _xlpm.FeederE, TRUE, "<review>" ) )} -> 8E/4 | N11: F | O11: 400V MCCB Feeder Cubicle (I < 160A, per Dwg LV4) | P11: 12E | Q11: =COUNTIFS($E$4:$E$18,N11,$F$4:$F$18,O11,$G$4:$G$18,P11) -> 0 | R11: =ROUNDUP(Q11*0.2,0) -> 0
A12: WH-EF-003 | B12: A | C12: 0.37 | D12: 0.58615134 | E12: {=_xlfn.LET( _xlpm.tag, UPPER(TRIM(A12)), _xlpm.kw, N(C12), _xlpm.parts, _xlfn.TEXTSPLIT(_xlpm.tag,"-"), _xlpm.mid, IF(COUNTA(_xlpm.parts)>=2, INDEX(_xlpm.parts,1,2), ""), _xlpm.mapCodes, {"AHU";"CWP";"EF";"ACWC";"ACCU";"EDH";"WWG";"WWP";"HD"}, _xlpm.mapType, {"M";"M";"M";"F";"F";"F";"F";"F";"F"}, _xlpm.codeType, _xlfn.XLOOKUP(_xlpm.mid, _xlpm.mapCodes, _xlpm.mapType, ""), IF(_xlpm.codeType="F","F", IF(_xlpm.codeType="M", _xlfn.IFS( _xlpm.mid="AHU", "M-E1", AND(_xlpm.kw>=0.37, _xlpm.kw<=15), "M-A1", AND(_xlpm.kw>=18.5, _xlpm.kw<22), "M-A1", AND(_xlpm.kw>=22, _xlpm.kw<=37), "M-B1", AND(_xlpm.kw>=45, _xlpm.kw<=75), "M-B1", AND(_xlpm.kw>=90, _xlpm.kw<=110), "M-B1", AND(_xlpm.kw>110, _xlpm.kw<132), "M-C1", AND(_xlpm.kw>=132, _xlpm.kw<=200), "M-D1", _xlpm.kw>200, "M-E1", TRUE, "<review>" ), "<review>" ) ) )} -> M-A1 | F12: {=_xlfn.LET( _xlpm.tag, UPPER(TRIM(A12)), _xlpm.kw, N(C12), _xlpm.flc, N(D12), _xlpm.I_MCCB, 160, _xlpm.I_ACB, 630, _xlpm.tACB, "400V Air Circuit Breaker(ACB) Feeder Cubicle (per Dwg LV1)", _xlpm.tMCCB_HI, "400V MCCB Feeder Cubicle (I > 160A, per Dwg LV3)", _xlpm.tMCCB_LO, "400V MCCB Feeder Cubicle (I < 160A, per Dwg LV4)", _xlpm.tM_LV_DOL, "400V DOL Motor Starter Cubicle", _xlpm.parts, _xlfn.TEXTSPLIT(_xlpm.tag,"-"), _xlpm.mid, IF(COUNTA(_xlpm.parts)>=2, INDEX(_xlpm.parts,1,2), ""), _xlpm.mapCodes, {"AHU";"CWP";"EF";"ACWC";"ACCU";"EDH";"WWG";"WWP";"HD"}, _xlpm.mapType, {"M";"M";"M";"F";"F";"F";"F";"F";"F"}, _xlpm.codeType, _xlfn.XLOOKUP(_xlpm.mid, _xlpm.mapCodes, _xlpm.mapType, ""), _xlpm.motorClass, IF(_xlpm.codeType="M", _xlfn.IFS( _xlpm.mid="AHU", "M-E1", AND(_xlpm.kw>=0.37, _xlpm.kw<=15), "M-A1", AND(_xlpm.kw>=18.5, _xlpm.kw<22), "M-A1", AND(_xlpm.kw>=22, _xlpm.kw<=37), "M-B1", AND(_xlpm.kw>=45, _xlpm.kw<=75), "M-B1", AND(_xlpm.kw>=90, _xlpm.kw<=110), "M-B1", AND(_xlpm.kw>110, _xlpm.kw<132), "M-C1", AND(_xlpm.kw>=132, _xlpm.kw<=200), "M-D1", _xlpm.kw>200, "M-E1", TRUE, "<review>" ), "" ), _xlpm.FeederSel, IF(_xlpm.flc>=_xlpm.I_ACB, _xlpm.tACB, IF(_xlpm.flc>_xlpm.I_MCCB, _xlpm.tMCCB_HI, _xlpm.tMCCB_LO)), IF(_xlpm.codeType="F", _xlpm.FeederSel, IF(_xlpm.codeType="M", IF(_xlpm.motorClass="<review>", "<review>", _xlpm.tM_LV_DOL), "CHECK TAG CODE: "&_xlpm.mid ) ) )} -> 400V DOL Motor Starter Cubicle | G12: {=_xlfn.LET( _xlpm.c, UPPER(TRIM(_81IK6100018[[#This Row],[Starter Type]])), _xlpm.kw, N(_81IK6100018[[#This Row],[RATED POWER]]), _xlpm.flc, N(_81IK6100018[[#This Row],[FULL LOAD CURRENT]]), _xlpm.feederType, IFERROR( _xlfn.IFS( _xlpm.c="M-A1", "M_A1", _xlpm.c="M-B1", "M_B1", _xlpm.c="M-C1", "M_C1", _xlpm.c="M-D1", "M_D1", _xlpm.c="M-E1", "M_E1", _xlpm.c="U", "UPS", _xlpm.c="F", "FEEDER", _xlpm.c="L", "LIGHT", _xlpm.c="H", "HEATER", ISNUMBER(SEARCH("ACB", _xlpm.c)), "ACB", ISNUMBER(SEARCH("I > 160A", _xlpm.c)), "MCCB_HI", ISNUMBER(SEARCH("I < 160A", _xlpm.c)), "MCCB_LO", ISNUMBER(SEARCH("3PH+N+PE", _xlpm.c)), "3PNPE", ISNUMBER(SEARCH("SCR", _xlpm.c)), "SCR", ISNUMBER(SEARCH("VSD", _xlpm.c)), "MCCB_VSD", ISNUMBER(SEARCH("FVNR", _xlpm.c)), "FVNR", TRUE, "OTHER" ), "OTHER" ), _xlpm.LowE, _xlfn.LAMBDA(_xlpm.a, IF(_xlpm.a<=50, "8E", IF(_xlpm.a<=100, "12E", "16E"))), _xlpm.HighE, _xlfn.LAMBDA(_xlpm.a, IF(_xlpm.a<=250, "16E", IF(_xlpm.a<=400, "24E", "36E"))), _xlpm.FeederE, IF(_xlpm.flc<=32, "8E/4", IF(_xlpm.flc<=160, _xlpm.LowE(_xlpm.flc), _xlpm.HighE(_xlpm.flc))), _xlfn.IFS( _xlpm.feederType="ACB", "72E", _xlpm.feederType="MCCB_LO", _xlpm.LowE(_xlpm.flc), _xlpm.feederType="MCCB_HI", _xlpm.HighE(_xlpm.flc), _xlpm.feederType="3PNPE", _xlpm.LowE(_xlpm.flc), _xlpm.feederType="SCR", IF(_xlpm.flc<=63, "8E", IF(_xlpm.flc<=125, "12E", IF(_xlpm.flc<=250, "24E", "36E"))), _xlpm.feederType="MCCB_VSD",_xlpm.HighE(_xlpm.flc), _xlpm.feederType="FVNR", IF(_xlpm.kw<=55, "16E", IF(_xlpm.kw<=90, "24E", "36E")), _xlpm.feederType="M_A1", IF(_xlpm.kw<=15, "8E/4", "8E"), _xlpm.feederType="M_B1", IF(_xlpm.kw<=37, "8E", "12E"), _xlpm.feederType="M_C1", IF(_xlpm.kw<132, "12E", "16E"), _xlpm.feederType="M_D1", "16E", _xlpm.feederType="M_E1", "24E", _xlpm.feederType="UPS", IF(_xlpm.flc<=50, "8E", IF(_xlpm.flc<=100, "12E", IF(_xlpm.flc<=250, "16E", IF(_xlpm.flc<=400, "24E", "36E")))), _xlpm.feederType="FEEDER", _xlpm.FeederE, _xlpm.feederType="LIGHT", _xlpm.FeederE, _xlpm.feederType="HEATER", _xlpm.FeederE, TRUE, "<review>" ) )} -> 8E/4 | N12: H | O12: 400V SCR-Controlled Heater Feeder Cubicle (per Dwg LV8) | P12: 16E | Q12: =COUNTIFS($E$4:$E$18,N12,$F$4:$F$18,O12,$G$4:$G$18,P12) -> 0 | R12: =ROUNDUP(Q12*0.2,0) -> 0
A13: WH-EDH-001 | B13: A | C13: 1.32 | D13: 2.0911345 | E13: {=_xlfn.LET( _xlpm.tag, UPPER(TRIM(A13)), _xlpm.kw, N(C13), _xlpm.parts, _xlfn.TEXTSPLIT(_xlpm.tag,"-"), _xlpm.mid, IF(COUNTA(_xlpm.parts)>=2, INDEX(_xlpm.parts,1,2), ""), _xlpm.mapCodes, {"AHU";"CWP";"EF";"ACWC";"ACCU";"EDH";"WWG";"WWP";"HD"}, _xlpm.mapType, {"M";"M";"M";"F";"F";"F";"F";"F";"F"}, _xlpm.codeType, _xlfn.XLOOKUP(_xlpm.mid, _xlpm.mapCodes, _xlpm.mapType, ""), IF(_xlpm.codeType="F","F", IF(_xlpm.codeType="M", _xlfn.IFS( _xlpm.mid="AHU", "M-E1", AND(_xlpm.kw>=0.37, _xlpm.kw<=15), "M-A1", AND(_xlpm.kw>=18.5, _xlpm.kw<22), "M-A1", AND(_xlpm.kw>=22, _xlpm.kw<=37), "M-B1", AND(_xlpm.kw>=45, _xlpm.kw<=75), "M-B1", AND(_xlpm.kw>=90, _xlpm.kw<=110), "M-B1", AND(_xlpm.kw>110, _xlpm.kw<132), "M-C1", AND(_xlpm.kw>=132, _xlpm.kw<=200), "M-D1", _xlpm.kw>200, "M-E1", TRUE, "<review>" ), "<review>" ) ) )} -> F | F13: {=_xlfn.LET( _xlpm.tag, UPPER(TRIM(A13)), _xlpm.kw, N(C13), _xlpm.flc, N(D13), _xlpm.I_MCCB, 160, _xlpm.I_ACB, 630, _xlpm.tACB, "400V Air Circuit Breaker(ACB) Feeder Cubicle (per Dwg LV1)", _xlpm.tMCCB_HI, "400V MCCB Feeder Cubicle (I > 160A, per Dwg LV3)", _xlpm.tMCCB_LO, "400V MCCB Feeder Cubicle (I < 160A, per Dwg LV4)", _xlpm.tM_LV_DOL, "400V DOL Motor Starter Cubicle", _xlpm.parts, _xlfn.TEXTSPLIT(_xlpm.tag,"-"), _xlpm.mid, IF(COUNTA(_xlpm.parts)>=2, INDEX(_xlpm.parts,1,2), ""), _xlpm.mapCodes, {"AHU";"CWP";"EF";"ACWC";"ACCU";"EDH";"WWG";"WWP";"HD"}, _xlpm.mapType, {"M";"M";"M";"F";"F";"F";"F";"F";"F"}, _xlpm.codeType, _xlfn.XLOOKUP(_xlpm.mid, _xlpm.mapCodes, _xlpm.mapType, ""), _xlpm.motorClass, IF(_xlpm.codeType="M", _xlfn.IFS( _xlpm.mid="AHU", "M-E1", AND(_xlpm.kw>=0.37, _xlpm.kw<=15), "M-A1", AND(_xlpm.kw>=18.5, _xlpm.kw<22), "M-A1", AND(_xlpm.kw>=22, _xlpm.kw<=37), "M-B1", AND(_xlpm.kw>=45, _xlpm.kw<=75), "M-B1", AND(_xlpm.kw>=90, _xlpm.kw<=110), "M-B1", AND(_xlpm.kw>110, _xlpm.kw<132), "M-C1", AND(_xlpm.kw>=132, _xlpm.kw<=200), "M-D1", _xlpm.kw>200, "M-E1", TRUE, "<review>" ), "" ), _xlpm.FeederSel, IF(_xlpm.flc>=_xlpm.I_ACB, _xlpm.tACB, IF(_xlpm.flc>_xlpm.I_MCCB, _xlpm.tMCCB_HI, _xlpm.tMCCB_LO)), IF(_xlpm.codeType="F", _xlpm.FeederSel, IF(_xlpm.codeType="M", IF(_xlpm.motorClass="<review>", "<review>", _xlpm.tM_LV_DOL), "CHECK TAG CODE: "&_xlpm.mid ) ) )} -> 400V MCCB Feeder Cubicle (I < 160A, per Dwg LV4) | G13: {=_xlfn.LET( _xlpm.c, UPPER(TRIM(_81IK6100018[[#This Row],[Starter Type]])), _xlpm.kw, N(_81IK6100018[[#This Row],[RATED POWER]]), _xlpm.flc, N(_81IK6100018[[#This Row],[FULL LOAD CURRENT]]), _xlpm.feederType, IFERROR( _xlfn.IFS( _xlpm.c="M-A1", "M_A1", _xlpm.c="M-B1", "M_B1", _xlpm.c="M-C1", "M_C1", _xlpm.c="M-D1", "M_D1", _xlpm.c="M-E1", "M_E1", _xlpm.c="U", "UPS", _xlpm.c="F", "FEEDER", _xlpm.c="L", "LIGHT", _xlpm.c="H", "HEATER", ISNUMBER(SEARCH("ACB", _xlpm.c)), "ACB", ISNUMBER(SEARCH("I > 160A", _xlpm.c)), "MCCB_HI", ISNUMBER(SEARCH("I < 160A", _xlpm.c)), "MCCB_LO", ISNUMBER(SEARCH("3PH+N+PE", _xlpm.c)), "3PNPE", ISNUMBER(SEARCH("SCR", _xlpm.c)), "SCR", ISNUMBER(SEARCH("VSD", _xlpm.c)), "MCCB_VSD", ISNUMBER(SEARCH("FVNR", _xlpm.c)), "FVNR", TRUE, "OTHER" ), "OTHER" ), _xlpm.LowE, _xlfn.LAMBDA(_xlpm.a, IF(_xlpm.a<=50, "8E", IF(_xlpm.a<=100, "12E", "16E"))), _xlpm.HighE, _xlfn.LAMBDA(_xlpm.a, IF(_xlpm.a<=250, "16E", IF(_xlpm.a<=400, "24E", "36E"))), _xlpm.FeederE, IF(_xlpm.flc<=32, "8E/4", IF(_xlpm.flc<=160, _xlpm.LowE(_xlpm.flc), _xlpm.HighE(_xlpm.flc))), _xlfn.IFS( _xlpm.feederType="ACB", "72E", _xlpm.feederType="MCCB_LO", _xlpm.LowE(_xlpm.flc), _xlpm.feederType="MCCB_HI", _xlpm.HighE(_xlpm.flc), _xlpm.feederType="3PNPE", _xlpm.LowE(_xlpm.flc), _xlpm.feederType="SCR", IF(_xlpm.flc<=63, "8E", IF(_xlpm.flc<=125, "12E", IF(_xlpm.flc<=250, "24E", "36E"))), _xlpm.feederType="MCCB_VSD",_xlpm.HighE(_xlpm.flc), _xlpm.feederType="FVNR", IF(_xlpm.kw<=55, "16E", IF(_xlpm.kw<=90, "24E", "36E")), _xlpm.feederType="M_A1", IF(_xlpm.kw<=15, "8E/4", "8E"), _xlpm.feederType="M_B1", IF(_xlpm.kw<=37, "8E", "12E"), _xlpm.feederType="M_C1", IF(_xlpm.kw<132, "12E", "16E"), _xlpm.feederType="M_D1", "16E", _xlpm.feederType="M_E1", "24E", _xlpm.feederType="UPS", IF(_xlpm.flc<=50, "8E", IF(_xlpm.flc<=100, "12E", IF(_xlpm.flc<=250, "16E", IF(_xlpm.flc<=400, "24E", "36E")))), _xlpm.feederType="FEEDER", _xlpm.FeederE, _xlpm.feederType="LIGHT", _xlpm.FeederE, _xlpm.feederType="HEATER", _xlpm.FeederE, TRUE, "<review>" ) )} -> 8E/4 | N13: M-B1 | O13: 400V DOL Motor Starter Cubicle | P13: 24E | Q13: =COUNTIFS($E$4:$E$18,N13,$F$4:$F$18,O13,$G$4:$G$18,P13) -> 0 | R13: =ROUNDUP(Q13*0.2,0) -> 0
A14: WH-EDH-002 | B14: A | C14: 1.1 | D14: 1.7426121 | E14: {=_xlfn.LET( _xlpm.tag, UPPER(TRIM(A14)), _xlpm.kw, N(C14), _xlpm.parts, _xlfn.TEXTSPLIT(_xlpm.tag,"-"), _xlpm.mid, IF(COUNTA(_xlpm.parts)>=2, INDEX(_xlpm.parts,1,2), ""), _xlpm.mapCodes, {"AHU";"CWP";"EF";"ACWC";"ACCU";"EDH";"WWG";"WWP";"HD"}, _xlpm.mapType, {"M";"M";"M";"F";"F";"F";"F";"F";"F"}, _xlpm.codeType, _xlfn.XLOOKUP(_xlpm.mid, _xlpm.mapCodes, _xlpm.mapType, ""), IF(_xlpm.codeType="F","F", IF(_xlpm.codeType="M", _xlfn.IFS( _xlpm.mid="AHU", "M-E1", AND(_xlpm.kw>=0.37, _xlpm.kw<=15), "M-A1", AND(_xlpm.kw>=18.5, _xlpm.kw<22), "M-A1", AND(_xlpm.kw>=22, _xlpm.kw<=37), "M-B1", AND(_xlpm.kw>=45, _xlpm.kw<=75), "M-B1", AND(_xlpm.kw>=90, _xlpm.kw<=110), "M-B1", AND(_xlpm.kw>110, _xlpm.kw<132), "M-C1", AND(_xlpm.kw>=132, _xlpm.kw<=200), "M-D1", _xlpm.kw>200, "M-E1", TRUE, "<review>" ), "<review>" ) ) )} -> F | F14: {=_xlfn.LET( _xlpm.tag, UPPER(TRIM(A14)), _xlpm.kw, N(C14), _xlpm.flc, N(D14), _xlpm.I_MCCB, 160, _xlpm.I_ACB, 630, _xlpm.tACB, "400V Air Circuit Breaker(ACB) Feeder Cubicle (per Dwg LV1)", _xlpm.tMCCB_HI, "400V MCCB Feeder Cubicle (I > 160A, per Dwg LV3)", _xlpm.tMCCB_LO, "400V MCCB Feeder Cubicle (I < 160A, per Dwg LV4)", _xlpm.tM_LV_DOL, "400V DOL Motor Starter Cubicle", _xlpm.parts, _xlfn.TEXTSPLIT(_xlpm.tag,"-"), _xlpm.mid, IF(COUNTA(_xlpm.parts)>=2, INDEX(_xlpm.parts,1,2), ""), _xlpm.mapCodes, {"AHU";"CWP";"EF";"ACWC";"ACCU";"EDH";"WWG";"WWP";"HD"}, _xlpm.mapType, {"M";"M";"M";"F";"F";"F";"F";"F";"F"}, _xlpm.codeType, _xlfn.XLOOKUP(_xlpm.mid, _xlpm.mapCodes, _xlpm.mapType, ""), _xlpm.motorClass, IF(_xlpm.codeType="M", _xlfn.IFS( _xlpm.mid="AHU", "M-E1", AND(_xlpm.kw>=0.37, _xlpm.kw<=15), "M-A1", AND(_xlpm.kw>=18.5, _xlpm.kw<22), "M-A1", AND(_xlpm.kw>=22, _xlpm.kw<=37), "M-B1", AND(_xlpm.kw>=45, _xlpm.kw<=75), "M-B1", AND(_xlpm.kw>=90, _xlpm.kw<=110), "M-B1", AND(_xlpm.kw>110, _xlpm.kw<132), "M-C1", AND(_xlpm.kw>=132, _xlpm.kw<=200), "M-D1", _xlpm.kw>200, "M-E1", TRUE, "<review>" ), "" ), _xlpm.FeederSel, IF(_xlpm.flc>=_xlpm.I_ACB, _xlpm.tACB, IF(_xlpm.flc>_xlpm.I_MCCB, _xlpm.tMCCB_HI, _xlpm.tMCCB_LO)), IF(_xlpm.codeType="F", _xlpm.FeederSel, IF(_xlpm.codeType="M", IF(_xlpm.motorClass="<review>", "<review>", _xlpm.tM_LV_DOL), "CHECK TAG CODE: "&_xlpm.mid ) ) )} -> 400V MCCB Feeder Cubicle (I < 160A, per Dwg LV4) | G14: {=_xlfn.LET( _xlpm.c, UPPER(TRIM(_81IK6100018[[#This Row],[Starter Type]])), _xlpm.kw, N(_81IK6100018[[#This Row],[RATED POWER]]), _xlpm.flc, N(_81IK6100018[[#This Row],[FULL LOAD CURRENT]]), _xlpm.feederType, IFERROR( _xlfn.IFS( _xlpm.c="M-A1", "M_A1", _xlpm.c="M-B1", "M_B1", _xlpm.c="M-C1", "M_C1", _xlpm.c="M-D1", "M_D1", _xlpm.c="M-E1", "M_E1", _xlpm.c="U", "UPS", _xlpm.c="F", "FEEDER", _xlpm.c="L", "LIGHT", _xlpm.c="H", "HEATER", ISNUMBER(SEARCH("ACB", _xlpm.c)), "ACB", ISNUMBER(SEARCH("I > 160A", _xlpm.c)), "MCCB_HI", ISNUMBER(SEARCH("I < 160A", _xlpm.c)), "MCCB_LO", ISNUMBER(SEARCH("3PH+N+PE", _xlpm.c)), "3PNPE", ISNUMBER(SEARCH("SCR", _xlpm.c)), "SCR", ISNUMBER(SEARCH("VSD", _xlpm.c)), "MCCB_VSD", ISNUMBER(SEARCH("FVNR", _xlpm.c)), "FVNR", TRUE, "OTHER" ), "OTHER" ), _xlpm.LowE, _xlfn.LAMBDA(_xlpm.a, IF(_xlpm.a<=50, "8E", IF(_xlpm.a<=100, "12E", "16E"))), _xlpm.HighE, _xlfn.LAMBDA(_xlpm.a, IF(_xlpm.a<=250, "16E", IF(_xlpm.a<=400, "24E", "36E"))), _xlpm.FeederE, IF(_xlpm.flc<=32, "8E/4", IF(_xlpm.flc<=160, _xlpm.LowE(_xlpm.flc), _xlpm.HighE(_xlpm.flc))), _xlfn.IFS( _xlpm.feederType="ACB", "72E", _xlpm.feederType="MCCB_LO", _xlpm.LowE(_xlpm.flc), _xlpm.feederType="MCCB_HI", _xlpm.HighE(_xlpm.flc), _xlpm.feederType="3PNPE", _xlpm.LowE(_xlpm.flc), _xlpm.feederType="SCR", IF(_xlpm.flc<=63, "8E", IF(_xlpm.flc<=125, "12E", IF(_xlpm.flc<=250, "24E", "36E"))), _xlpm.feederType="MCCB_VSD",_xlpm.HighE(_xlpm.flc), _xlpm.feederType="FVNR", IF(_xlpm.kw<=55, "16E", IF(_xlpm.kw<=90, "24E", "36E")), _xlpm.feederType="M_A1", IF(_xlpm.kw<=15, "8E/4", "8E"), _xlpm.feederType="M_B1", IF(_xlpm.kw<=37, "8E", "12E"), _xlpm.feederType="M_C1", IF(_xlpm.kw<132, "12E", "16E"), _xlpm.feederType="M_D1", "16E", _xlpm.feederType="M_E1", "24E", _xlpm.feederType="UPS", IF(_xlpm.flc<=50, "8E", IF(_xlpm.flc<=100, "12E", IF(_xlpm.flc<=250, "16E", IF(_xlpm.flc<=400, "24E", "36E")))), _xlpm.feederType="FEEDER", _xlpm.FeederE, _xlpm.feederType="LIGHT", _xlpm.FeederE, _xlpm.feederType="HEATER", _xlpm.FeederE, TRUE, "<review>" ) )} -> 8E/4 | N14: M-A1 | O14: 400V DOL Motor Starter Cubicle | P14: 16E | Q14: =COUNTIFS($E$4:$E$18,N14,$F$4:$F$18,O14,$G$4:$G$18,P14) -> 0 | R14: =ROUNDUP(Q14*0.2,0) -> 0
A15: WH-WWG-001 | C15: 2 | D15: 3.1683856 | E15: {=_xlfn.LET( _xlpm.tag, UPPER(TRIM(A15)), _xlpm.kw, N(C15), _xlpm.parts, _xlfn.TEXTSPLIT(_xlpm.tag,"-"), _xlpm.mid, IF(COUNTA(_xlpm.parts)>=2, INDEX(_xlpm.parts,1,2), ""), _xlpm.mapCodes, {"AHU";"CWP";"EF";"ACWC";"ACCU";"EDH";"WWG";"WWP";"HD"}, _xlpm.mapType, {"M";"M";"M";"F";"F";"F";"F";"F";"F"}, _xlpm.codeType, _xlfn.XLOOKUP(_xlpm.mid, _xlpm.mapCodes, _xlpm.mapType, ""), IF(_xlpm.codeType="F","F", IF(_xlpm.codeType="M", _xlfn.IFS( _xlpm.mid="AHU", "M-E1", AND(_xlpm.kw>=0.37, _xlpm.kw<=15), "M-A1", AND(_xlpm.kw>=18.5, _xlpm.kw<22), "M-A1", AND(_xlpm.kw>=22, _xlpm.kw<=37), "M-B1", AND(_xlpm.kw>=45, _xlpm.kw<=75), "M-B1", AND(_xlpm.kw>=90, _xlpm.kw<=110), "M-B1", AND(_xlpm.kw>110, _xlpm.kw<132), "M-C1", AND(_xlpm.kw>=132, _xlpm.kw<=200), "M-D1", _xlpm.kw>200, "M-E1", TRUE, "<review>" ), "<review>" ) ) )} -> F | F15: {=_xlfn.LET( _xlpm.tag, UPPER(TRIM(A15)), _xlpm.kw, N(C15), _xlpm.flc, N(D15), _xlpm.I_MCCB, 160, _xlpm.I_ACB, 630, _xlpm.tACB, "400V Air Circuit Breaker(ACB) Feeder Cubicle (per Dwg LV1)", _xlpm.tMCCB_HI, "400V MCCB Feeder Cubicle (I > 160A, per Dwg LV3)", _xlpm.tMCCB_LO, "400V MCCB Feeder Cubicle (I < 160A, per Dwg LV4)", _xlpm.tM_LV_DOL, "400V DOL Motor Starter Cubicle", _xlpm.parts, _xlfn.TEXTSPLIT(_xlpm.tag,"-"), _xlpm.mid, IF(COUNTA(_xlpm.parts)>=2, INDEX(_xlpm.parts,1,2), ""), _xlpm.mapCodes, {"AHU";"CWP";"EF";"ACWC";"ACCU";"EDH";"WWG";"WWP";"HD"}, _xlpm.mapType, {"M";"M";"M";"F";"F";"F";"F";"F";"F"}, _xlpm.codeType, _xlfn.XLOOKUP(_xlpm.mid, _xlpm.mapCodes, _xlpm.mapType, ""), _xlpm.motorClass, IF(_xlpm.codeType="M", _xlfn.IFS( _xlpm.mid="AHU", "M-E1", AND(_xlpm.kw>=0.37, _xlpm.kw<=15), "M-A1", AND(_xlpm.kw>=18.5, _xlpm.kw<22), "M-A1", AND(_xlpm.kw>=22, _xlpm.kw<=37), "M-B1", AND(_xlpm.kw>=45, _xlpm.kw<=75), "M-B1", AND(_xlpm.kw>=90, _xlpm.kw<=110), "M-B1", AND(_xlpm.kw>110, _xlpm.kw<132), "M-C1", AND(_xlpm.kw>=132, _xlpm.kw<=200), "M-D1", _xlpm.kw>200, "M-E1", TRUE, "<review>" ), "" ), _xlpm.FeederSel, IF(_xlpm.flc>=_xlpm.I_ACB, _xlpm.tACB, IF(_xlpm.flc>_xlpm.I_MCCB, _xlpm.tMCCB_HI, _xlpm.tMCCB_LO)), IF(_xlpm.codeType="F", _xlpm.FeederSel, IF(_xlpm.codeType="M", IF(_xlpm.motorClass="<review>", "<review>", _xlpm.tM_LV_DOL), "CHECK TAG CODE: "&_xlpm.mid ) ) )} -> 400V MCCB Feeder Cubicle (I < 160A, per Dwg LV4) | G15: {=_xlfn.LET( _xlpm.c, UPPER(TRIM(_81IK6100018[[#This Row],[Starter Type]])), _xlpm.kw, N(_81IK6100018[[#This Row],[RATED POWER]]), _xlpm.flc, N(_81IK6100018[[#This Row],[FULL LOAD CURRENT]]), _xlpm.feederType, IFERROR( _xlfn.IFS( _xlpm.c="M-A1", "M_A1", _xlpm.c="M-B1", "M_B1", _xlpm.c="M-C1", "M_C1", _xlpm.c="M-D1", "M_D1", _xlpm.c="M-E1", "M_E1", _xlpm.c="U", "UPS", _xlpm.c="F", "FEEDER", _xlpm.c="L", "LIGHT", _xlpm.c="H", "HEATER", ISNUMBER(SEARCH("ACB", _xlpm.c)), "ACB", ISNUMBER(SEARCH("I > 160A", _xlpm.c)), "MCCB_HI", ISNUMBER(SEARCH("I < 160A", _xlpm.c)), "MCCB_LO", ISNUMBER(SEARCH("3PH+N+PE", _xlpm.c)), "3PNPE", ISNUMBER(SEARCH("SCR", _xlpm.c)), "SCR", ISNUMBER(SEARCH("VSD", _xlpm.c)), "MCCB_VSD", ISNUMBER(SEARCH("FVNR", _xlpm.c)), "FVNR", TRUE, "OTHER" ), "OTHER" ), _xlpm.LowE, _xlfn.LAMBDA(_xlpm.a, IF(_xlpm.a<=50, "8E", IF(_xlpm.a<=100, "12E", "16E"))), _xlpm.HighE, _xlfn.LAMBDA(_xlpm.a, IF(_xlpm.a<=250, "16E", IF(_xlpm.a<=400, "24E", "36E"))), _xlpm.FeederE, IF(_xlpm.flc<=32, "8E/2", IF(_xlpm.flc<=160, _xlpm.LowE(_xlpm.flc), _xlpm.HighE(_xlpm.flc))), _xlfn.IFS( _xlpm.feederType="ACB", "72E", _xlpm.feederType="MCCB_LO", _xlpm.LowE(_xlpm.flc), _xlpm.feederType="MCCB_HI", _xlpm.HighE(_xlpm.flc), _xlpm.feederType="3PNPE", _xlpm.LowE(_xlpm.flc), _xlpm.feederType="SCR", IF(_xlpm.flc<=63, "8E", IF(_xlpm.flc<=125, "12E", IF(_xlpm.flc<=250, "24E", "36E"))), _xlpm.feederType="MCCB_VSD",_xlpm.HighE(_xlpm.flc), _xlpm.feederType="FVNR", IF(_xlpm.kw<=55, "16E", IF(_xlpm.kw<=90, "24E", "36E")), _xlpm.feederType="M_A1", IF(_xlpm.kw<=15, "8E/2", "8E"), _xlpm.feederType="M_B1", IF(_xlpm.kw<=37, "8E", "12E"), _xlpm.feederType="M_C1", IF(_xlpm.kw<132, "12E", "16E"), _xlpm.feederType="M_D1", "16E", _xlpm.feederType="M_E1", "24E", _xlpm.feederType="UPS", IF(_xlpm.flc<=50, "8E", IF(_xlpm.flc<=100, "12E", IF(_xlpm.flc<=250, "16E", IF(_xlpm.flc<=400, "24E", "36E")))), _xlpm.feederType="FEEDER", _xlpm.FeederE, _xlpm.feederType="LIGHT", _xlpm.FeederE, _xlpm.feederType="HEATER", _xlpm.FeederE, TRUE, "<review>" ) )} -> 8E/2 | N15: L | O15: 400V 3Ph+N+PE Feeder Cubicle (per Dwg LV5) | P15: 8E | Q15: =COUNTIFS($E$4:$E$18,N15,$F$4:$F$18,O15,$G$4:$G$18,P15) -> 0 | R15: =ROUNDUP(Q15*0.2,0) -> 0
A16: WH-WWG-002 | C16: 2 | D16: 3.1683856 | E16: {=_xlfn.LET( _xlpm.tag, UPPER(TRIM(A16)), _xlpm.kw, N(C16), _xlpm.parts, _xlfn.TEXTSPLIT(_xlpm.tag,"-"), _xlpm.mid, IF(COUNTA(_xlpm.parts)>=2, INDEX(_xlpm.parts,1,2), ""), _xlpm.mapCodes, {"AHU";"CWP";"EF";"ACWC";"ACCU";"EDH";"WWG";"WWP";"HD"}, _xlpm.mapType, {"M";"M";"M";"F";"F";"F";"F";"F";"F"}, _xlpm.codeType, _xlfn.XLOOKUP(_xlpm.mid, _xlpm.mapCodes, _xlpm.mapType, ""), IF(_xlpm.codeType="F","F", IF(_xlpm.codeType="M", _xlfn.IFS( _xlpm.mid="AHU", "M-E1", AND(_xlpm.kw>=0.37, _xlpm.kw<=15), "M-A1", AND(_xlpm.kw>=18.5, _xlpm.kw<22), "M-A1", AND(_xlpm.kw>=22, _xlpm.kw<=37), "M-B1", AND(_xlpm.kw>=45, _xlpm.kw<=75), "M-B1", AND(_xlpm.kw>=90, _xlpm.kw<=110), "M-B1", AND(_xlpm.kw>110, _xlpm.kw<132), "M-C1", AND(_xlpm.kw>=132, _xlpm.kw<=200), "M-D1", _xlpm.kw>200, "M-E1", TRUE, "<review>" ), "<review>" ) ) )} -> F | F16: {=_xlfn.LET( _xlpm.tag, UPPER(TRIM(A16)), _xlpm.kw, N(C16), _xlpm.flc, N(D16), _xlpm.I_MCCB, 160, _xlpm.I_ACB, 630, _xlpm.tACB, "400V Air Circuit Breaker(ACB) Feeder Cubicle (per Dwg LV1)", _xlpm.tMCCB_HI, "400V MCCB Feeder Cubicle (I > 160A, per Dwg LV3)", _xlpm.tMCCB_LO, "400V MCCB Feeder Cubicle (I < 160A, per Dwg LV4)", _xlpm.tM_LV_DOL, "400V DOL Motor Starter Cubicle", _xlpm.parts, _xlfn.TEXTSPLIT(_xlpm.tag,"-"), _xlpm.mid, IF(COUNTA(_xlpm.parts)>=2, INDEX(_xlpm.parts,1,2), ""), _xlpm.mapCodes, {"AHU";"CWP";"EF";"ACWC";"ACCU";"EDH";"WWG";"WWP";"HD"}, _xlpm.mapType, {"M";"M";"M";"F";"F";"F";"F";"F";"F"}, _xlpm.codeType, _xlfn.XLOOKUP(_xlpm.mid, _xlpm.mapCodes, _xlpm.mapType, ""), _xlpm.motorClass, IF(_xlpm.codeType="M", _xlfn.IFS( _xlpm.mid="AHU", "M-E1", AND(_xlpm.kw>=0.37, _xlpm.kw<=15), "M-A1", AND(_xlpm.kw>=18.5, _xlpm.kw<22), "M-A1", AND(_xlpm.kw>=22, _xlpm.kw<=37), "M-B1", AND(_xlpm.kw>=45, _xlpm.kw<=75), "M-B1", AND(_xlpm.kw>=90, _xlpm.kw<=110), "M-B1", AND(_xlpm.kw>110, _xlpm.kw<132), "M-C1", AND(_xlpm.kw>=132, _xlpm.kw<=200), "M-D1", _xlpm.kw>200, "M-E1", TRUE, "<review>" ), "" ), _xlpm.FeederSel, IF(_xlpm.flc>=_xlpm.I_ACB, _xlpm.tACB, IF(_xlpm.flc>_xlpm.I_MCCB, _xlpm.tMCCB_HI, _xlpm.tMCCB_LO)), IF(_xlpm.codeType="F", _xlpm.FeederSel, IF(_xlpm.codeType="M", IF(_xlpm.motorClass="<review>", "<review>", _xlpm.tM_LV_DOL), "CHECK TAG CODE: "&_xlpm.mid ) ) )} -> 400V MCCB Feeder Cubicle (I < 160A, per Dwg LV4) | G16: {=_xlfn.LET( _xlpm.c, UPPER(TRIM(_81IK6100018[[#This Row],[Starter Type]])), _xlpm.kw, N(_81IK6100018[[#This Row],[RATED POWER]]), _xlpm.flc, N(_81IK6100018[[#This Row],[FULL LOAD CURRENT]]), _xlpm.feederType, IFERROR( _xlfn.IFS( _xlpm.c="M-A1", "M_A1", _xlpm.c="M-B1", "M_B1", _xlpm.c="M-C1", "M_C1", _xlpm.c="M-D1", "M_D1", _xlpm.c="M-E1", "M_E1", _xlpm.c="U", "UPS", _xlpm.c="F", "FEEDER", _xlpm.c="L", "LIGHT", _xlpm.c="H", "HEATER", ISNUMBER(SEARCH("ACB", _xlpm.c)), "ACB", ISNUMBER(SEARCH("I > 160A", _xlpm.c)), "MCCB_HI", ISNUMBER(SEARCH("I < 160A", _xlpm.c)), "MCCB_LO", ISNUMBER(SEARCH("3PH+N+PE", _xlpm.c)), "3PNPE", ISNUMBER(SEARCH("SCR", _xlpm.c)), "SCR", ISNUMBER(SEARCH("VSD", _xlpm.c)), "MCCB_VSD", ISNUMBER(SEARCH("FVNR", _xlpm.c)), "FVNR", TRUE, "OTHER" ), "OTHER" ), _xlpm.LowE, _xlfn.LAMBDA(_xlpm.a, IF(_xlpm.a<=50, "8E", IF(_xlpm.a<=100, "12E", "16E"))), _xlpm.HighE, _xlfn.LAMBDA(_xlpm.a, IF(_xlpm.a<=250, "16E", IF(_xlpm.a<=400, "24E", "36E"))), _xlpm.FeederE, IF(_xlpm.flc<=32, "8E/2", IF(_xlpm.flc<=160, _xlpm.LowE(_xlpm.flc), _xlpm.HighE(_xlpm.flc))), _xlfn.IFS( _xlpm.feederType="ACB", "72E", _xlpm.feederType="MCCB_LO", _xlpm.LowE(_xlpm.flc), _xlpm.feederType="MCCB_HI", _xlpm.HighE(_xlpm.flc), _xlpm.feederType="3PNPE", _xlpm.LowE(_xlpm.flc), _xlpm.feederType="SCR", IF(_xlpm.flc<=63, "8E", IF(_xlpm.flc<=125, "12E", IF(_xlpm.flc<=250, "24E", "36E"))), _xlpm.feederType="MCCB_VSD",_xlpm.HighE(_xlpm.flc), _xlpm.feederType="FVNR", IF(_xlpm.kw<=55, "16E", IF(_xlpm.kw<=90, "24E", "36E")), _xlpm.feederType="M_A1", IF(_xlpm.kw<=15, "8E/2", "8E"), _xlpm.feederType="M_B1", IF(_xlpm.kw<=37, "8E", "12E"), _xlpm.feederType="M_C1", IF(_xlpm.kw<132, "12E", "16E"), _xlpm.feederType="M_D1", "16E", _xlpm.feederType="M_E1", "24E", _xlpm.feederType="UPS", IF(_xlpm.flc<=50, "8E", IF(_xlpm.flc<=100, "12E", IF(_xlpm.flc<=250, "16E", IF(_xlpm.flc<=400, "24E", "36E")))), _xlpm.feederType="FEEDER", _xlpm.FeederE, _xlpm.feederType="LIGHT", _xlpm.FeederE, _xlpm.feederType="HEATER", _xlpm.FeederE, TRUE, "<review>" ) )} -> 8E/2 | N16: H | O16: 400V SCR-Controlled Heater Feeder Cubicle (per Dwg LV8) | P16: 12E | Q16: =COUNTIFS($E$4:$E$18,N16,$F$4:$F$18,O16,$G$4:$G$18,P16) -> 0 | R16: =ROUNDUP(Q16*0.2,0) -> 0
A17: WH-HD-001 | C17: 1 | D17: 2.7551179 | E17: {=_xlfn.LET( _xlpm.tag, UPPER(TRIM(A17)), _xlpm.kw, N(C17), _xlpm.parts, _xlfn.TEXTSPLIT(_xlpm.tag,"-"), _xlpm.mid, IF(COUNTA(_xlpm.parts)>=2, INDEX(_xlpm.parts,1,2), ""), _xlpm.mapCodes, {"AHU";"CWP";"EF";"ACWC";"ACCU";"EDH";"WWG";"WWP";"HD"}, _xlpm.mapType, {"M";"M";"M";"F";"F";"F";"F";"F";"F"}, _xlpm.codeType, _xlfn.XLOOKUP(_xlpm.mid, _xlpm.mapCodes, _xlpm.mapType, ""), IF(_xlpm.codeType="F","F", IF(_xlpm.codeType="M", _xlfn.IFS( _xlpm.mid="AHU", "M-E1", AND(_xlpm.kw>=0.37, _xlpm.kw<=15), "M-A1", AND(_xlpm.kw>=18.5, _xlpm.kw<22), "M-A1", AND(_xlpm.kw>=22, _xlpm.kw<=37), "M-B1", AND(_xlpm.kw>=45, _xlpm.kw<=75), "M-B1", AND(_xlpm.kw>=90, _xlpm.kw<=110), "M-B1", AND(_xlpm.kw>110, _xlpm.kw<132), "M-C1", AND(_xlpm.kw>=132, _xlpm.kw<=200), "M-D1", _xlpm.kw>200, "M-E1", TRUE, "<review>" ), "<review>" ) ) )} -> F | F17: {=_xlfn.LET( _xlpm.tag, UPPER(TRIM(A17)), _xlpm.kw, N(C17), _xlpm.flc, N(D17), _xlpm.I_MCCB, 160, _xlpm.I_ACB, 630, _xlpm.tACB, "400V Air Circuit Breaker(ACB) Feeder Cubicle (per Dwg LV1)", _xlpm.tMCCB_HI, "400V MCCB Feeder Cubicle (I > 160A, per Dwg LV3)", _xlpm.tMCCB_LO, "400V MCCB Feeder Cubicle (I < 160A, per Dwg LV4)", _xlpm.tM_LV_DOL, "400V DOL Motor Starter Cubicle", _xlpm.parts, _xlfn.TEXTSPLIT(_xlpm.tag,"-"), _xlpm.mid, IF(COUNTA(_xlpm.parts)>=2, INDEX(_xlpm.parts,1,2), ""), _xlpm.mapCodes, {"AHU";"CWP";"EF";"ACWC";"ACCU";"EDH";"WWG";"WWP";"HD"}, _xlpm.mapType, {"M";"M";"M";"F";"F";"F";"F";"F";"F"}, _xlpm.codeType, _xlfn.XLOOKUP(_xlpm.mid, _xlpm.mapCodes, _xlpm.mapType, ""), _xlpm.motorClass, IF(_xlpm.codeType="M", _xlfn.IFS( _xlpm.mid="AHU", "M-E1", AND(_xlpm.kw>=0.37, _xlpm.kw<=15), "M-A1", AND(_xlpm.kw>=18.5, _xlpm.kw<22), "M-A1", AND(_xlpm.kw>=22, _xlpm.kw<=37), "M-B1", AND(_xlpm.kw>=45, _xlpm.kw<=75), "M-B1", AND(_xlpm.kw>=90, _xlpm.kw<=110), "M-B1", AND(_xlpm.kw>110, _xlpm.kw<132), "M-C1", AND(_xlpm.kw>=132, _xlpm.kw<=200), "M-D1", _xlpm.kw>200, "M-E1", TRUE, "<review>" ), "" ), _xlpm.FeederSel, IF(_xlpm.flc>=_xlpm.I_ACB, _xlpm.tACB, IF(_xlpm.flc>_xlpm.I_MCCB, _xlpm.tMCCB_HI, _xlpm.tMCCB_LO)), IF(_xlpm.codeType="F", _xlpm.FeederSel, IF(_xlpm.codeType="M", IF(_xlpm.motorClass="<review>", "<review>", _xlpm.tM_LV_DOL), "CHECK TAG CODE: "&_xlpm.mid ) ) )} -> 400V MCCB Feeder Cubicle (I < 160A, per Dwg LV4) | G17: {=_xlfn.LET( _xlpm.c, UPPER(TRIM(_81IK6100018[[#This Row],[Starter Type]])), _xlpm.kw, N(_81IK6100018[[#This Row],[RATED POWER]]), _xlpm.flc, N(_81IK6100018[[#This Row],[FULL LOAD CURRENT]]), _xlpm.feederType, IFERROR( _xlfn.IFS( _xlpm.c="M-A1", "M_A1", _xlpm.c="M-B1", "M_B1", _xlpm.c="M-C1", "M_C1", _xlpm.c="M-D1", "M_D1", _xlpm.c="M-E1", "M_E1", _xlpm.c="U", "UPS", _xlpm.c="F", "FEEDER", _xlpm.c="L", "LIGHT", _xlpm.c="H", "HEATER", ISNUMBER(SEARCH("ACB", _xlpm.c)), "ACB", ISNUMBER(SEARCH("I > 160A", _xlpm.c)), "MCCB_HI", ISNUMBER(SEARCH("I < 160A", _xlpm.c)), "MCCB_LO", ISNUMBER(SEARCH("3PH+N+PE", _xlpm.c)), "3PNPE", ISNUMBER(SEARCH("SCR", _xlpm.c)), "SCR", ISNUMBER(SEARCH("VSD", _xlpm.c)), "MCCB_VSD", ISNUMBER(SEARCH("FVNR", _xlpm.c)), "FVNR", TRUE, "OTHER" ), "OTHER" ), _xlpm.LowE, _xlfn.LAMBDA(_xlpm.a, IF(_xlpm.a<=50, "8E", IF(_xlpm.a<=100, "12E", "16E"))), _xlpm.HighE, _xlfn.LAMBDA(_xlpm.a, IF(_xlpm.a<=250, "16E", IF(_xlpm.a<=400, "24E", "36E"))), _xlpm.FeederE, IF(_xlpm.flc<=32, "8E/2", IF(_xlpm.flc<=160, _xlpm.LowE(_xlpm.flc), _xlpm.HighE(_xlpm.flc))), _xlfn.IFS( _xlpm.feederType="ACB", "72E", _xlpm.feederType="MCCB_LO", _xlpm.LowE(_xlpm.flc), _xlpm.feederType="MCCB_HI", _xlpm.HighE(_xlpm.flc), _xlpm.feederType="3PNPE", _xlpm.LowE(_xlpm.flc), _xlpm.feederType="SCR", IF(_xlpm.flc<=63, "8E", IF(_xlpm.flc<=125, "12E", IF(_xlpm.flc<=250, "24E", "36E"))), _xlpm.feederType="MCCB_VSD",_xlpm.HighE(_xlpm.flc), _xlpm.feederType="FVNR", IF(_xlpm.kw<=55, "16E", IF(_xlpm.kw<=90, "24E", "36E")), _xlpm.feederType="M_A1", IF(_xlpm.kw<=15, "8E/2", "8E"), _xlpm.feederType="M_B1", IF(_xlpm.kw<=37, "8E", "12E"), _xlpm.feederType="M_C1", IF(_xlpm.kw<132, "12E", "16E"), _xlpm.feederType="M_D1", "16E", _xlpm.feederType="M_E1", "24E", _xlpm.feederType="UPS", IF(_xlpm.flc<=50, "8E", IF(_xlpm.flc<=100, "12E", IF(_xlpm.flc<=250, "16E", IF(_xlpm.flc<=400, "24E", "36E")))), _xlpm.feederType="FEEDER", _xlpm.FeederE, _xlpm.feederType="LIGHT", _xlpm.FeederE, _xlpm.feederType="HEATER", _xlpm.FeederE, TRUE, "<review>" ) )} -> 8E/2 | N17: H | O17: 400V SCR-Controlled Heater Feeder Cubicle (per Dwg LV8) | P17: 36E | Q17: =COUNTIFS($E$4:$E$18,N17,$F$4:$F$18,O17,$G$4:$G$18,P17) -> 0 | R17: =ROUNDUP(Q17*0.2,0) -> 0
A18: WH-HD-002 | C18: 1 | D18: 2.7551179 | E18: {=_xlfn.LET( _xlpm.tag, UPPER(TRIM(A18)), _xlpm.kw, N(C18), _xlpm.parts, _xlfn.TEXTSPLIT(_xlpm.tag,"-"), _xlpm.mid, IF(COUNTA(_xlpm.parts)>=2, INDEX(_xlpm.parts,1,2), ""), _xlpm.mapCodes, {"AHU";"CWP";"EF";"ACWC";"ACCU";"EDH";"WWG";"WWP";"HD"}, _xlpm.mapType, {"M";"M";"M";"F";"F";"F";"F";"F";"F"}, _xlpm.codeType, _xlfn.XLOOKUP(_xlpm.mid, _xlpm.mapCodes, _xlpm.mapType, ""), IF(_xlpm.codeType="F","F", IF(_xlpm.codeType="M", _xlfn.IFS( _xlpm.mid="AHU", "M-E1", AND(_xlpm.kw>=0.37, _xlpm.kw<=15), "M-A1", AND(_xlpm.kw>=18.5, _xlpm.kw<22), "M-A1", AND(_xlpm.kw>=22, _xlpm.kw<=37), "M-B1", AND(_xlpm.kw>=45, _xlpm.kw<=75), "M-B1", AND(_xlpm.kw>=90, _xlpm.kw<=110), "M-B1", AND(_xlpm.kw>110, _xlpm.kw<132), "M-C1", AND(_xlpm.kw>=132, _xlpm.kw<=200), "M-D1", _xlpm.kw>200, "M-E1", TRUE, "<review>" ), "<review>" ) ) )} -> F | F18: {=_xlfn.LET( _xlpm.tag, UPPER(TRIM(A18)), _xlpm.kw, N(C18), _xlpm.flc, N(D18), _xlpm.I_MCCB, 160, _xlpm.I_ACB, 630, _xlpm.tACB, "400V Air Circuit Breaker(ACB) Feeder Cubicle (per Dwg LV1)", _xlpm.tMCCB_HI, "400V MCCB Feeder Cubicle (I > 160A, per Dwg LV3)", _xlpm.tMCCB_LO, "400V MCCB Feeder Cubicle (I < 160A, per Dwg LV4)", _xlpm.tM_LV_DOL, "400V DOL Motor Starter Cubicle", _xlpm.parts, _xlfn.TEXTSPLIT(_xlpm.tag,"-"), _xlpm.mid, IF(COUNTA(_xlpm.parts)>=2, INDEX(_xlpm.parts,1,2), ""), _xlpm.mapCodes, {"AHU";"CWP";"EF";"ACWC";"ACCU";"EDH";"WWG";"WWP";"HD"}, _xlpm.mapType, {"M";"M";"M";"F";"F";"F";"F";"F";"F"}, _xlpm.codeType, _xlfn.XLOOKUP(_xlpm.mid, _xlpm.mapCodes, _xlpm.mapType, ""), _xlpm.motorClass, IF(_xlpm.codeType="M", _xlfn.IFS( _xlpm.mid="AHU", "M-E1", AND(_xlpm.kw>=0.37, _xlpm.kw<=15), "M-A1", AND(_xlpm.kw>=18.5, _xlpm.kw<22), "M-A1", AND(_xlpm.kw>=22, _xlpm.kw<=37), "M-B1", AND(_xlpm.kw>=45, _xlpm.kw<=75), "M-B1", AND(_xlpm.kw>=90, _xlpm.kw<=110), "M-B1", AND(_xlpm.kw>110, _xlpm.kw<132), "M-C1", AND(_xlpm.kw>=132, _xlpm.kw<=200), "M-D1", _xlpm.kw>200, "M-E1", TRUE, "<review>" ), "" ), _xlpm.FeederSel, IF(_xlpm.flc>=_xlpm.I_ACB, _xlpm.tACB, IF(_xlpm.flc>_xlpm.I_MCCB, _xlpm.tMCCB_HI, _xlpm.tMCCB_LO)), IF(_xlpm.codeType="F", _xlpm.FeederSel, IF(_xlpm.codeType="M", IF(_xlpm.motorClass="<review>", "<review>", _xlpm.tM_LV_DOL), "CHECK TAG CODE: "&_xlpm.mid ) ) )} -> 400V MCCB Feeder Cubicle (I < 160A, per Dwg LV4) | G18: {=_xlfn.LET( _xlpm.c, UPPER(TRIM(_81IK6100018[[#This Row],[Starter Type]])), _xlpm.kw, N(_81IK6100018[[#This Row],[RATED POWER]]), _xlpm.flc, N(_81IK6100018[[#This Row],[FULL LOAD CURRENT]]), _xlpm.feederType, IFERROR( _xlfn.IFS( _xlpm.c="M-A1", "M_A1", _xlpm.c="M-B1", "M_B1", _xlpm.c="M-C1", "M_C1", _xlpm.c="M-D1", "M_D1", _xlpm.c="M-E1", "M_E1", _xlpm.c="U", "UPS", _xlpm.c="F", "FEEDER", _xlpm.c="L", "LIGHT", _xlpm.c="H", "HEATER", ISNUMBER(SEARCH("ACB", _xlpm.c)), "ACB", ISNUMBER(SEARCH("I > 160A", _xlpm.c)), "MCCB_HI", ISNUMBER(SEARCH("I < 160A", _xlpm.c)), "MCCB_LO", ISNUMBER(SEARCH("3PH+N+PE", _xlpm.c)), "3PNPE", ISNUMBER(SEARCH("SCR", _xlpm.c)), "SCR", ISNUMBER(SEARCH("VSD", _xlpm.c)), "MCCB_VSD", ISNUMBER(SEARCH("FVNR", _xlpm.c)), "FVNR", TRUE, "OTHER" ), "OTHER" ), _xlpm.LowE, _xlfn.LAMBDA(_xlpm.a, IF(_xlpm.a<=50, "8E", IF(_xlpm.a<=100, "12E", "16E"))), _xlpm.HighE, _xlfn.LAMBDA(_xlpm.a, IF(_xlpm.a<=250, "16E", IF(_xlpm.a<=400, "24E", "36E"))), _xlpm.FeederE, IF(_xlpm.flc<=32, "8E/2", IF(_xlpm.flc<=160, _xlpm.LowE(_xlpm.flc), _xlpm.HighE(_xlpm.flc))), _xlfn.IFS( _xlpm.feederType="ACB", "72E", _xlpm.feederType="MCCB_LO", _xlpm.LowE(_xlpm.flc), _xlpm.feederType="MCCB_HI", _xlpm.HighE(_xlpm.flc), _xlpm.feederType="3PNPE", _xlpm.LowE(_xlpm.flc), _xlpm.feederType="SCR", IF(_xlpm.flc<=63, "8E", IF(_xlpm.flc<=125, "12E", IF(_xlpm.flc<=250, "24E", "36E"))), _xlpm.feederType="MCCB_VSD",_xlpm.HighE(_xlpm.flc), _xlpm.feederType="FVNR", IF(_xlpm.kw<=55, "16E", IF(_xlpm.kw<=90, "24E", "36E")), _xlpm.feederType="M_A1", IF(_xlpm.kw<=15, "8E/2", "8E"), _xlpm.feederType="M_B1", IF(_xlpm.kw<=37, "8E", "12E"), _xlpm.feederType="M_C1", IF(_xlpm.kw<132, "12E", "16E"), _xlpm.feederType="M_D1", "16E", _xlpm.feederType="M_E1", "24E", _xlpm.feederType="UPS", IF(_xlpm.flc<=50, "8E", IF(_xlpm.flc<=100, "12E", IF(_xlpm.flc<=250, "16E", IF(_xlpm.flc<=400, "24E", "36E")))), _xlpm.feederType="FEEDER", _xlpm.FeederE, _xlpm.feederType="LIGHT", _xlpm.FeederE, _xlpm.feederType="HEATER", _xlpm.FeederE, TRUE, "<review>" ) )} -> 8E/2 | N18: F | O18: 400V MCCB Feeder Cubicle (I > 160A, per Dwg LV3) | P18: 8E | Q18: =COUNTIFS($E$4:$E$18,N18,$F$4:$F$18,O18,$G$4:$G$18,P18) -> 0 | R18: =ROUNDUP(Q18*0.2,0) -> 0
N19: M-E1 | O19: 400V DOL Motor Starter Cubicle | P19: 8E | Q19: =COUNTIFS($E$4:$E$18,N19,$F$4:$F$18,O19,$G$4:$G$18,P19) -> 0 | R19: =ROUNDUP(Q19*0.2,0) -> 0
N20: H | O20: 400V SCR-Controlled Heater Feeder Cubicle (per Dwg LV8) | P20: 8E | Q20: =COUNTIFS($E$4:$E$18,N20,$F$4:$F$18,O20,$G$4:$G$18,P20) -> 0 | R20: =ROUNDUP(Q20*0.2,0) -> 0
F22: =7600-3000 -> 4600
I31: 600mm Module + 400mm cable alley
H32: Transformer Space | I32: MCC(SINGLE) | J32: INC & BUS-TIE&ACB | K32: Dummy | L32: TOTAL LENGTH
H33: 1200 W x 1000 D | I33: =(I34+I35)*1000 -> 2000 | J33: =(J34+J35)*800 -> 800 | K33: =400*K34 -> 0 | L33: =I33+J33+K33 -> 2800 | N33: =L33+(1200*1)+600 -> 4600 | O33: additional 600mm for clearance between the spare space and the transformer
I34: {=ROUNDUP( _xlfn.LET( _xlpm.arrange,$I$3, _xlpm.capE,IF(_xlpm.arrange="B2B",144,72), _xlpm.rng,G4:G18, _xlpm.totalE,SUMPRODUCT( IFERROR( VALUE(_xlfn.TEXTBEFORE(_xlpm.rng,"E")) / IFERROR(VALUE(_xlfn.TEXTAFTER(_xlpm.rng,"/")),1), 0 ) ), CEILING((1+$J$4)*_xlpm.totalE/_xlpm.capE,1) ), 0)} -> 2 | J34: 1 | K34: 0 | L34: =I34+J34+K34+L35 -> 3
I35: 0 | M35: SPARE PANEL
A38: 70-IK-09-0002
A40: TAGS | B40: BUS | C40: RATED POWER | D40: FULL LOAD CURRENT | E40: Starter Type | F40: CIRCUIT TYPE | G40: E_UNITS | H40: REMARKS | Q40: feeder qty | R40: 20% SPARE
A41: WS-AHU-001 | B41: A | C41: 132.3 | D41: 17.06222 | E41: M-E1 | F41: {=_xlfn.LET( _xlpm.tag, UPPER(TRIM(A41)), _xlpm.kw, N(C41), _xlpm.flc, N(D41), _xlpm.I_MCCB, 160, _xlpm.I_ACB, 630, _xlpm.tACB, "400V Air Circuit Breaker(ACB) Feeder Cubicle (per Dwg LV1)", _xlpm.tMCCB_HI, "400V MCCB Feeder Cubicle (I > 160A, per Dwg LV3)", _xlpm.tMCCB_LO, "400V MCCB Feeder Cubicle (I < 160A, per Dwg LV4)", _xlpm.tM_LV_DOL, "400V DOL Motor Starter Cubicle", _xlpm.parts, _xlfn.TEXTSPLIT(_xlpm.tag,"-"), _xlpm.mid, IF(COUNTA(_xlpm.parts)>=2, INDEX(_xlpm.parts,1,2), ""), _xlpm.mapCodes, {"AHU";"CWP";"EF";"ACWC";"ACCU";"EDH";"WWG";"WWP";"HD"}, _xlpm.mapType, {"M";"M";"M";"F";"F";"F";"F";"F";"F"}, _xlpm.codeType, _xlfn.XLOOKUP(_xlpm.mid, _xlpm.mapCodes, _xlpm.mapType, ""), _xlpm.motorClass, IF(_xlpm.codeType="M", _xlfn.IFS( _xlpm.mid="AHU", "M-E1", AND(_xlpm.kw>=0.37, _xlpm.kw<=15), "M-A1", AND(_xlpm.kw>=18.5, _xlpm.kw<22), "M-A1", AND(_xlpm.kw>=22, _xlpm.kw<=37), "M-B1", AND(_xlpm.kw>=45, _xlpm.kw<=75), "M-B1", AND(_xlpm.kw>=90, _xlpm.kw<=110), "M-B1", AND(_xlpm.kw>110, _xlpm.kw<132), "M-C1", AND(_xlpm.kw>=132, _xlpm.kw<=200), "M-D1", _xlpm.kw>200, "M-E1", TRUE, "<review>" ), "" ), _xlpm.FeederSel, IF(_xlpm.flc>=_xlpm.I_ACB, _xlpm.tACB, IF(_xlpm.flc>_xlpm.I_MCCB, _xlpm.tMCCB_HI, _xlpm.tMCCB_LO)), IF(_xlpm.codeType="F", _xlpm.FeederSel, IF(_xlpm.codeType="M", IF(_xlpm.motorClass="<review>", "<review>", _xlpm.tM_LV_DOL), "CHECK TAG CODE: "&_xlpm.mid ) ) )} -> 400V DOL Motor Starter Cubicle | G41: {=_xlfn.LET( _xlpm.c, UPPER(TRIM(_81IK61000189[[#This Row],[Starter Type]])), _xlpm.kw, N(_81IK61000189[[#This Row],[RATED POWER]]), _xlpm.flc, N(_81IK61000189[[#This Row],[FULL LOAD CURRENT]]), _xlpm.feederType, IFERROR( _xlfn.IFS( _xlpm.c="M-A1", "M_A1", _xlpm.c="M-B1", "M_B1", _xlpm.c="M-C1", "M_C1", _xlpm.c="M-D1", "M_D1", _xlpm.c="M-E1", "M_E1", _xlpm.c="U", "UPS", _xlpm.c="F", "FEEDER", _xlpm.c="L", "LIGHT", _xlpm.c="H", "HEATER", ISNUMBER(SEARCH("ACB", _xlpm.c)), "ACB", ISNUMBER(SEARCH("I > 160A", _xlpm.c)), "MCCB_HI", ISNUMBER(SEARCH("I < 160A", _xlpm.c)), "MCCB_LO", ISNUMBER(SEARCH("3PH+N+PE", _xlpm.c)), "3PNPE", ISNUMBER(SEARCH("SCR", _xlpm.c)), "SCR", ISNUMBER(SEARCH("VSD", _xlpm.c)), "MCCB_VSD", ISNUMBER(SEARCH("FVNR", _xlpm.c)), "FVNR", TRUE, "OTHER" ), "OTHER" ), _xlpm.LowE, _xlfn.LAMBDA(_xlpm.a, IF(_xlpm.a<=50, "8E", IF(_xlpm.a<=100, "12E", "16E"))), _xlpm.HighE, _xlfn.LAMBDA(_xlpm.a, IF(_xlpm.a<=250, "16E", IF(_xlpm.a<=400, "24E", "36E"))), _xlpm.FeederE, IF(_xlpm.flc<=32, "8E/4", IF(_xlpm.flc<=160, _xlpm.LowE(_xlpm.flc), _xlpm.HighE(_xlpm.flc))), _xlfn.IFS( _xlpm.feederType="ACB", "72E", _xlpm.feederType="MCCB_LO", _xlpm.LowE(_xlpm.flc), _xlpm.feederType="MCCB_HI", _xlpm.HighE(_xlpm.flc), _xlpm.feederType="3PNPE", _xlpm.LowE(_xlpm.flc), _xlpm.feederType="SCR", IF(_xlpm.flc<=63, "8E", IF(_xlpm.flc<=125, "12E", IF(_xlpm.flc<=250, "24E", "36E"))), _xlpm.feederType="MCCB_VSD",_xlpm.HighE(_xlpm.flc), _xlpm.feederType="FVNR", IF(_xlpm.kw<=55, "16E", IF(_xlpm.kw<=90, "24E", "36E")), _xlpm.feederType="M_A1", IF(_xlpm.kw<=15, "8E/4", "8E"), _xlpm.feederType="M_B1", IF(_xlpm.kw<=37, "8E", "12E"), _xlpm.feederType="M_C1", IF(_xlpm.kw<132, "12E", "16E"), _xlpm.feederType="M_D1", "16E", _xlpm.feederType="M_E1", "24E", _xlpm.feederType="UPS", IF(_xlpm.flc<=50, "8E", IF(_xlpm.flc<=100, "12E", IF(_xlpm.flc<=250, "16E", IF(_xlpm.flc<=400, "24E", "36E")))), _xlpm.feederType="FEEDER", _xlpm.FeederE, _xlpm.feederType="LIGHT", _xlpm.FeederE, _xlpm.feederType="HEATER", _xlpm.FeederE, TRUE, "<review>" ) )} -> 24E | N41: M-B1 | O41: 400V DOL Motor Starter Cubicle | P41: 36E | Q41: =COUNTIFS($E$4:$E$18,N41,$F$4:$F$18,O41,$G$4:$G$18,P41) -> 0 | R41: =ROUNDUP(Q41*0.2,0) -> 0
A42: WS-AHU-002 | B42: A | C42: 132.3 | D42: 17.06222 | E42: M-E1 | F42: {=_xlfn.LET( _xlpm.tag, UPPER(TRIM(A42)), _xlpm.kw, N(C42), _xlpm.flc, N(D42), _xlpm.I_MCCB, 160, _xlpm.I_ACB, 630, _xlpm.tACB, "400V Air Circuit Breaker(ACB) Feeder Cubicle (per Dwg LV1)", _xlpm.tMCCB_HI, "400V MCCB Feeder Cubicle (I > 160A, per Dwg LV3)", _xlpm.tMCCB_LO, "400V MCCB Feeder Cubicle (I < 160A, per Dwg LV4)", _xlpm.tM_LV_DOL, "400V DOL Motor Starter Cubicle", _xlpm.parts, _xlfn.TEXTSPLIT(_xlpm.tag,"-"), _xlpm.mid, IF(COUNTA(_xlpm.parts)>=2, INDEX(_xlpm.parts,1,2), ""), _xlpm.mapCodes, {"AHU";"CWP";"EF";"ACWC";"ACCU";"EDH";"WWG";"WWP";"HD"}, _xlpm.mapType, {"M";"M";"M";"F";"F";"F";"F";"F";"F"}, _xlpm.codeType, _xlfn.XLOOKUP(_xlpm.mid, _xlpm.mapCodes, _xlpm.mapType, ""), _xlpm.motorClass, IF(_xlpm.codeType="M", _xlfn.IFS( _xlpm.mid="AHU", "M-E1", AND(_xlpm.kw>=0.37, _xlpm.kw<=15), "M-A1", AND(_xlpm.kw>=18.5, _xlpm.kw<22), "M-A1", AND(_xlpm.kw>=22, _xlpm.kw<=37), "M-B1", AND(_xlpm.kw>=45, _xlpm.kw<=75), "M-B1", AND(_xlpm.kw>=90, _xlpm.kw<=110), "M-B1", AND(_xlpm.kw>110, _xlpm.kw<132), "M-C1", AND(_xlpm.kw>=132, _xlpm.kw<=200), "M-D1", _xlpm.kw>200, "M-E1", TRUE, "<review>" ), "" ), _xlpm.FeederSel, IF(_xlpm.flc>=_xlpm.I_ACB, _xlpm.tACB, IF(_xlpm.flc>_xlpm.I_MCCB, _xlpm.tMCCB_HI, _xlpm.tMCCB_LO)), IF(_xlpm.codeType="F", _xlpm.FeederSel, IF(_xlpm.codeType="M", IF(_xlpm.motorClass="<review>", "<review>", _xlpm.tM_LV_DOL), "CHECK TAG CODE: "&_xlpm.mid ) ) )} -> 400V DOL Motor Starter Cubicle | G42: {=_xlfn.LET( _xlpm.c, UPPER(TRIM(_81IK61000189[[#This Row],[Starter Type]])), _xlpm.kw, N(_81IK61000189[[#This Row],[RATED POWER]]), _xlpm.flc, N(_81IK61000189[[#This Row],[FULL LOAD CURRENT]]), _xlpm.feederType, IFERROR( _xlfn.IFS( _xlpm.c="M-A1", "M_A1", _xlpm.c="M-B1", "M_B1", _xlpm.c="M-C1", "M_C1", _xlpm.c="M-D1", "M_D1", _xlpm.c="M-E1", "M_E1", _xlpm.c="U", "UPS", _xlpm.c="F", "FEEDER", _xlpm.c="L", "LIGHT", _xlpm.c="H", "HEATER", ISNUMBER(SEARCH("ACB", _xlpm.c)), "ACB", ISNUMBER(SEARCH("I > 160A", _xlpm.c)), "MCCB_HI", ISNUMBER(SEARCH("I < 160A", _xlpm.c)), "MCCB_LO", ISNUMBER(SEARCH("3PH+N+PE", _xlpm.c)), "3PNPE", ISNUMBER(SEARCH("SCR", _xlpm.c)), "SCR", ISNUMBER(SEARCH("VSD", _xlpm.c)), "MCCB_VSD", ISNUMBER(SEARCH("FVNR", _xlpm.c)), "FVNR", TRUE, "OTHER" ), "OTHER" ), _xlpm.LowE, _xlfn.LAMBDA(_xlpm.a, IF(_xlpm.a<=50, "8E", IF(_xlpm.a<=100, "12E", "16E"))), _xlpm.HighE, _xlfn.LAMBDA(_xlpm.a, IF(_xlpm.a<=250, "16E", IF(_xlpm.a<=400, "24E", "36E"))), _xlpm.FeederE, IF(_xlpm.flc<=32, "8E/4", IF(_xlpm.flc<=160, _xlpm.LowE(_xlpm.flc), _xlpm.HighE(_xlpm.flc))), _xlfn.IFS( _xlpm.feederType="ACB", "72E", _xlpm.feederType="MCCB_LO", _xlpm.LowE(_xlpm.flc), _xlpm.feederType="MCCB_HI", _xlpm.HighE(_xlpm.flc), _xlpm.feederType="3PNPE", _xlpm.LowE(_xlpm.flc), _xlpm.feederType="SCR", IF(_xlpm.flc<=63, "8E", IF(_xlpm.flc<=125, "12E", IF(_xlpm.flc<=250, "24E", "36E"))), _xlpm.feederType="MCCB_VSD",_xlpm.HighE(_xlpm.flc), _xlpm.feederType="FVNR", IF(_xlpm.kw<=55, "16E", IF(_xlpm.kw<=90, "24E", "36E")), _xlpm.feederType="M_A1", IF(_xlpm.kw<=15, "8E/4", "8E"), _xlpm.feederType="M_B1", IF(_xlpm.kw<=37, "8E", "12E"), _xlpm.feederType="M_C1", IF(_xlpm.kw<132, "12E", "16E"), _xlpm.feederType="M_D1", "16E", _xlpm.feederType="M_E1", "24E", _xlpm.feederType="UPS", IF(_xlpm.flc<=50, "8E", IF(_xlpm.flc<=100, "12E", IF(_xlpm.flc<=250, "16E", IF(_xlpm.flc<=400, "24E", "36E")))), _xlpm.feederType="FEEDER", _xlpm.FeederE, _xlpm.feederType="LIGHT", _xlpm.FeederE, _xlpm.feederType="HEATER", _xlpm.FeederE, TRUE, "<review>" ) )} -> 24E | N42: F | O42: 400V MCCB Feeder Cubicle (I < 160A, per Dwg LV4) | P42: 8E | Q42: =COUNTIFS($E$4:$E$18,N42,$F$4:$F$18,O42,$G$4:$G$18,P42) -> 2 | R42: =ROUNDUP(Q42*0.2,0) -> 1
A43: WS-ACWC-001 | B43: A | C43: 147.6 | D43: 201.8295 | E43: F | F43: {=_xlfn.LET( _xlpm.tag, UPPER(TRIM(A43)), _xlpm.kw, N(C43), _xlpm.flc, N(D43), _xlpm.I_MCCB, 160, _xlpm.I_ACB, 630, _xlpm.tACB, "400V Air Circuit Breaker(ACB) Feeder Cubicle (per Dwg LV1)", _xlpm.tMCCB_HI, "400V MCCB Feeder Cubicle (I > 160A, per Dwg LV3)", _xlpm.tMCCB_LO, "400V MCCB Feeder Cubicle (I < 160A, per Dwg LV4)", _xlpm.tM_LV_DOL, "400V DOL Motor Starter Cubicle", _xlpm.parts, _xlfn.TEXTSPLIT(_xlpm.tag,"-"), _xlpm.mid, IF(COUNTA(_xlpm.parts)>=2, INDEX(_xlpm.parts,1,2), ""), _xlpm.mapCodes, {"AHU";"CWP";"EF";"ACWC";"ACCU";"EDH";"WWG";"WWP";"HD"}, _xlpm.mapType, {"M";"M";"M";"F";"F";"F";"F";"F";"F"}, _xlpm.codeType, _xlfn.XLOOKUP(_xlpm.mid, _xlpm.mapCodes, _xlpm.mapType, ""), _xlpm.motorClass, IF(_xlpm.codeType="M", _xlfn.IFS( _xlpm.mid="AHU", "M-E1", AND(_xlpm.kw>=0.37, _xlpm.kw<=15), "M-A1", AND(_xlpm.kw>=18.5, _xlpm.kw<22), "M-A1", AND(_xlpm.kw>=22, _xlpm.kw<=37), "M-B1", AND(_xlpm.kw>=45, _xlpm.kw<=75), "M-B1", AND(_xlpm.kw>=90, _xlpm.kw<=110), "M-B1", AND(_xlpm.kw>110, _xlpm.kw<132), "M-C1", AND(_xlpm.kw>=132, _xlpm.kw<=200), "M-D1", _xlpm.kw>200, "M-E1", TRUE, "<review>" ), "" ), _xlpm.FeederSel, IF(_xlpm.flc>=_xlpm.I_ACB, _xlpm.tACB, IF(_xlpm.flc>_xlpm.I_MCCB, _xlpm.tMCCB_HI, _xlpm.tMCCB_LO)), IF(_xlpm.codeType="F", _xlpm.FeederSel, IF(_xlpm.codeType="M", IF(_xlpm.motorClass="<review>", "<review>", _xlpm.tM_LV_DOL), "CHECK TAG CODE: "&_xlpm.mid ) ) )} -> 400V MCCB Feeder Cubicle (I > 160A, per Dwg LV3) | G43: {=_xlfn.LET( _xlpm.c, UPPER(TRIM(_81IK61000189[[#This Row],[Starter Type]])), _xlpm.kw, N(_81IK61000189[[#This Row],[RATED POWER]]), _xlpm.flc, N(_81IK61000189[[#This Row],[FULL LOAD CURRENT]]), _xlpm.feederType, IFERROR( _xlfn.IFS( _xlpm.c="M-A1", "M_A1", _xlpm.c="M-B1", "M_B1", _xlpm.c="M-C1", "M_C1", _xlpm.c="M-D1", "M_D1", _xlpm.c="M-E1", "M_E1", _xlpm.c="U", "UPS", _xlpm.c="F", "FEEDER", _xlpm.c="L", "LIGHT", _xlpm.c="H", "HEATER", ISNUMBER(SEARCH("ACB", _xlpm.c)), "ACB", ISNUMBER(SEARCH("I > 160A", _xlpm.c)), "MCCB_HI", ISNUMBER(SEARCH("I < 160A", _xlpm.c)), "MCCB_LO", ISNUMBER(SEARCH("3PH+N+PE", _xlpm.c)), "3PNPE", ISNUMBER(SEARCH("SCR", _xlpm.c)), "SCR", ISNUMBER(SEARCH("VSD", _xlpm.c)), "MCCB_VSD", ISNUMBER(SEARCH("FVNR", _xlpm.c)), "FVNR", TRUE, "OTHER" ), "OTHER" ), _xlpm.LowE, _xlfn.LAMBDA(_xlpm.a, IF(_xlpm.a<=50, "8E", IF(_xlpm.a<=100, "12E", "16E"))), _xlpm.HighE, _xlfn.LAMBDA(_xlpm.a, IF(_xlpm.a<=250, "16E", IF(_xlpm.a<=400, "24E", "36E"))), _xlpm.FeederE, IF(_xlpm.flc<=32, "8E/4", IF(_xlpm.flc<=160, _xlpm.LowE(_xlpm.flc), _xlpm.HighE(_xlpm.flc))), _xlfn.IFS( _xlpm.feederType="ACB", "72E", _xlpm.feederType="MCCB_LO", _xlpm.LowE(_xlpm.flc), _xlpm.feederType="MCCB_HI", _xlpm.HighE(_xlpm.flc), _xlpm.feederType="3PNPE", _xlpm.LowE(_xlpm.flc), _xlpm.feederType="SCR", IF(_xlpm.flc<=63, "8E", IF(_xlpm.flc<=125, "12E", IF(_xlpm.flc<=250, "24E", "36E"))), _xlpm.feederType="MCCB_VSD",_xlpm.HighE(_xlpm.flc), _xlpm.feederType="FVNR", IF(_xlpm.kw<=55, "16E", IF(_xlpm.kw<=90, "24E", "36E")), _xlpm.feederType="M_A1", IF(_xlpm.kw<=15, "8E/4", "8E"), _xlpm.feederType="M_B1", IF(_xlpm.kw<=37, "8E", "12E"), _xlpm.feederType="M_C1", IF(_xlpm.kw<132, "12E", "16E"), _xlpm.feederType="M_D1", "16E", _xlpm.feederType="M_E1", "24E", _xlpm.feederType="UPS", IF(_xlpm.flc<=50, "8E", IF(_xlpm.flc<=100, "12E", IF(_xlpm.flc<=250, "16E", IF(_xlpm.flc<=400, "24E", "36E")))), _xlpm.feederType="FEEDER", _xlpm.FeederE, _xlpm.feederType="LIGHT", _xlpm.FeederE, _xlpm.feederType="HEATER", _xlpm.FeederE, TRUE, "<review>" ) )} -> 16E | N43: U | O43: 400V UPS Feeder Cubicle | P43: 8E | Q43: =COUNTIFS($E$4:$E$18,N43,$F$4:$F$18,O43,$G$4:$G$18,P43) -> 0 | R43: =ROUNDUP(Q43*0.2,0) -> 0
A44: WS-ACWC-002 | B44: A | C44: 147.6 | D44: 201.8295 | E44: F | F44: {=_xlfn.LET( _xlpm.tag, UPPER(TRIM(A44)), _xlpm.kw, N(C44), _xlpm.flc, N(D44), _xlpm.I_MCCB, 160, _xlpm.I_ACB, 630, _xlpm.tACB, "400V Air Circuit Breaker(ACB) Feeder Cubicle (per Dwg LV1)", _xlpm.tMCCB_HI, "400V MCCB Feeder Cubicle (I > 160A, per Dwg LV3)", _xlpm.tMCCB_LO, "400V MCCB Feeder Cubicle (I < 160A, per Dwg LV4)", _xlpm.tM_LV_DOL, "400V DOL Motor Starter Cubicle", _xlpm.parts, _xlfn.TEXTSPLIT(_xlpm.tag,"-"), _xlpm.mid, IF(COUNTA(_xlpm.parts)>=2, INDEX(_xlpm.parts,1,2), ""), _xlpm.mapCodes, {"AHU";"CWP";"EF";"ACWC";"ACCU";"EDH";"WWG";"WWP";"HD"}, _xlpm.mapType, {"M";"M";"M";"F";"F";"F";"F";"F";"F"}, _xlpm.codeType, _xlfn.XLOOKUP(_xlpm.mid, _xlpm.mapCodes, _xlpm.mapType, ""), _xlpm.motorClass, IF(_xlpm.codeType="M", _xlfn.IFS( _xlpm.mid="AHU", "M-E1", AND(_xlpm.kw>=0.37, _xlpm.kw<=15), "M-A1", AND(_xlpm.kw>=18.5, _xlpm.kw<22), "M-A1", AND(_xlpm.kw>=22, _xlpm.kw<=37), "M-B1", AND(_xlpm.kw>=45, _xlpm.kw<=75), "M-B1", AND(_xlpm.kw>=90, _xlpm.kw<=110), "M-B1", AND(_xlpm.kw>110, _xlpm.kw<132), "M-C1", AND(_xlpm.kw>=132, _xlpm.kw<=200), "M-D1", _xlpm.kw>200, "M-E1", TRUE, "<review>" ), "" ), _xlpm.FeederSel, IF(_xlpm.flc>=_xlpm.I_ACB, _xlpm.tACB, IF(_xlpm.flc>_xlpm.I_MCCB, _xlpm.tMCCB_HI, _xlpm.tMCCB_LO)), IF(_xlpm.codeType="F", _xlpm.FeederSel, IF(_xlpm.codeType="M", IF(_xlpm.motorClass="<review>", "<review>", _xlpm.tM_LV_DOL), "CHECK TAG CODE: "&_xlpm.mid ) ) )} -> 400V MCCB Feeder Cubicle (I > 160A, per Dwg LV3) | G44: {=_xlfn.LET( _xlpm.c, UPPER(TRIM(_81IK61000189[[#This Row],[Starter Type]])), _xlpm.kw, N(_81IK61000189[[#This Row],[RATED POWER]]), _xlpm.flc, N(_81IK61000189[[#This Row],[FULL LOAD CURRENT]]), _xlpm.feederType, IFERROR( _xlfn.IFS( _xlpm.c="M-A1", "M_A1", _xlpm.c="M-B1", "M_B1", _xlpm.c="M-C1", "M_C1", _xlpm.c="M-D1", "M_D1", _xlpm.c="M-E1", "M_E1", _xlpm.c="U", "UPS", _xlpm.c="F", "FEEDER", _xlpm.c="L", "LIGHT", _xlpm.c="H", "HEATER", ISNUMBER(SEARCH("ACB", _xlpm.c)), "ACB", ISNUMBER(SEARCH("I > 160A", _xlpm.c)), "MCCB_HI", ISNUMBER(SEARCH("I < 160A", _xlpm.c)), "MCCB_LO", ISNUMBER(SEARCH("3PH+N+PE", _xlpm.c)), "3PNPE", ISNUMBER(SEARCH("SCR", _xlpm.c)), "SCR", ISNUMBER(SEARCH("VSD", _xlpm.c)), "MCCB_VSD", ISNUMBER(SEARCH("FVNR", _xlpm.c)), "FVNR", TRUE, "OTHER" ), "OTHER" ), _xlpm.LowE, _xlfn.LAMBDA(_xlpm.a, IF(_xlpm.a<=50, "8E", IF(_xlpm.a<=100, "12E", "16E"))), _xlpm.HighE, _xlfn.LAMBDA(_xlpm.a, IF(_xlpm.a<=250, "16E", IF(_xlpm.a<=400, "24E", "36E"))), _xlpm.FeederE, IF(_xlpm.flc<=32, "8E/4", IF(_xlpm.flc<=160, _xlpm.LowE(_xlpm.flc), _xlpm.HighE(_xlpm.flc))), _xlfn.IFS( _xlpm.feederType="ACB", "72E", _xlpm.feederType="MCCB_LO", _xlpm.LowE(_xlpm.flc), _xlpm.feederType="MCCB_HI", _xlpm.HighE(_xlpm.flc), _xlpm.feederType="3PNPE", _xlpm.LowE(_xlpm.flc), _xlpm.feederType="SCR", IF(_xlpm.flc<=63, "8E", IF(_xlpm.flc<=125, "12E", IF(_xlpm.flc<=250, "24E", "36E"))), _xlpm.feederType="MCCB_VSD",_xlpm.HighE(_xlpm.flc), _xlpm.feederType="FVNR", IF(_xlpm.kw<=55, "16E", IF(_xlpm.kw<=90, "24E", "36E")), _xlpm.feederType="M_A1", IF(_xlpm.kw<=15, "8E/4", "8E"), _xlpm.feederType="M_B1", IF(_xlpm.kw<=37, "8E", "12E"), _xlpm.feederType="M_C1", IF(_xlpm.kw<132, "12E", "16E"), _xlpm.feederType="M_D1", "16E", _xlpm.feederType="M_E1", "24E", _xlpm.feederType="UPS", IF(_xlpm.flc<=50, "8E", IF(_xlpm.flc<=100, "12E", IF(_xlpm.flc<=250, "16E", IF(_xlpm.flc<=400, "24E", "36E")))), _xlpm.feederType="FEEDER", _xlpm.FeederE, _xlpm.feederType="LIGHT", _xlpm.FeederE, _xlpm.feederType="HEATER", _xlpm.FeederE, TRUE, "<review>" ) )} -> 16E | N44: U | O44: 400V UPS Feeder Cubicle | P44: 12E | Q44: =COUNTIFS($E$4:$E$18,N44,$F$4:$F$18,O44,$G$4:$G$18,P44) -> 0 | R44: =ROUNDUP(Q44*0.2,0) -> 0
A45: WS-CWP-001A | B45: A | C45: 8.81 | D45: 12.046869 | E45: M-A1 | F45: {=_xlfn.LET( _xlpm.tag, UPPER(TRIM(A45)), _xlpm.kw, N(C45), _xlpm.flc, N(D45), _xlpm.I_MCCB, 160, _xlpm.I_ACB, 630, _xlpm.tACB, "400V Air Circuit Breaker(ACB) Feeder Cubicle (per Dwg LV1)", _xlpm.tMCCB_HI, "400V MCCB Feeder Cubicle (I > 160A, per Dwg LV3)", _xlpm.tMCCB_LO, "400V MCCB Feeder Cubicle (I < 160A, per Dwg LV4)", _xlpm.tM_LV_DOL, "400V DOL Motor Starter Cubicle", _xlpm.parts, _xlfn.TEXTSPLIT(_xlpm.tag,"-"), _xlpm.mid, IF(COUNTA(_xlpm.parts)>=2, INDEX(_xlpm.parts,1,2), ""), _xlpm.mapCodes, {"AHU";"CWP";"EF";"ACWC";"ACCU";"EDH";"WWG";"WWP";"HD"}, _xlpm.mapType, {"M";"M";"M";"F";"F";"F";"F";"F";"F"}, _xlpm.codeType, _xlfn.XLOOKUP(_xlpm.mid, _xlpm.mapCodes, _xlpm.mapType, ""), _xlpm.motorClass, IF(_xlpm.codeType="M", _xlfn.IFS( _xlpm.mid="AHU", "M-E1", AND(_xlpm.kw>=0.37, _xlpm.kw<=15), "M-A1", AND(_xlpm.kw>=18.5, _xlpm.kw<22), "M-A1", AND(_xlpm.kw>=22, _xlpm.kw<=37), "M-B1", AND(_xlpm.kw>=45, _xlpm.kw<=75), "M-B1", AND(_xlpm.kw>=90, _xlpm.kw<=110), "M-B1", AND(_xlpm.kw>110, _xlpm.kw<132), "M-C1", AND(_xlpm.kw>=132, _xlpm.kw<=200), "M-D1", _xlpm.kw>200, "M-E1", TRUE, "<review>" ), "" ), _xlpm.FeederSel, IF(_xlpm.flc>=_xlpm.I_ACB, _xlpm.tACB, IF(_xlpm.flc>_xlpm.I_MCCB, _xlpm.tMCCB_HI, _xlpm.tMCCB_LO)), IF(_xlpm.codeType="F", _xlpm.FeederSel, IF(_xlpm.codeType="M", IF(_xlpm.motorClass="<review>", "<review>", _xlpm.tM_LV_DOL), "CHECK TAG CODE: "&_xlpm.mid ) ) )} -> 400V DOL Motor Starter Cubicle | G45: {=_xlfn.LET( _xlpm.c, UPPER(TRIM(_81IK61000189[[#This Row],[Starter Type]])), _xlpm.kw, N(_81IK61000189[[#This Row],[RATED POWER]]), _xlpm.flc, N(_81IK61000189[[#This Row],[FULL LOAD CURRENT]]), _xlpm.feederType, IFERROR( _xlfn.IFS( _xlpm.c="M-A1", "M_A1", _xlpm.c="M-B1", "M_B1", _xlpm.c="M-C1", "M_C1", _xlpm.c="M-D1", "M_D1", _xlpm.c="M-E1", "M_E1", _xlpm.c="U", "UPS", _xlpm.c="F", "FEEDER", _xlpm.c="L", "LIGHT", _xlpm.c="H", "HEATER", ISNUMBER(SEARCH("ACB", _xlpm.c)), "ACB", ISNUMBER(SEARCH("I > 160A", _xlpm.c)), "MCCB_HI", ISNUMBER(SEARCH("I < 160A", _xlpm.c)), "MCCB_LO", ISNUMBER(SEARCH("3PH+N+PE", _xlpm.c)), "3PNPE", ISNUMBER(SEARCH("SCR", _xlpm.c)), "SCR", ISNUMBER(SEARCH("VSD", _xlpm.c)), "MCCB_VSD", ISNUMBER(SEARCH("FVNR", _xlpm.c)), "FVNR", TRUE, "OTHER" ), "OTHER" ), _xlpm.LowE, _xlfn.LAMBDA(_xlpm.a, IF(_xlpm.a<=50, "8E", IF(_xlpm.a<=100, "12E", "16E"))), _xlpm.HighE, _xlfn.LAMBDA(_xlpm.a, IF(_xlpm.a<=250, "16E", IF(_xlpm.a<=400, "24E", "36E"))), _xlpm.FeederE, IF(_xlpm.flc<=32, "8E/4", IF(_xlpm.flc<=160, _xlpm.LowE(_xlpm.flc), _xlpm.HighE(_xlpm.flc))), _xlfn.IFS( _xlpm.feederType="ACB", "72E", _xlpm.feederType="MCCB_LO", _xlpm.LowE(_xlpm.flc), _xlpm.feederType="MCCB_HI", _xlpm.HighE(_xlpm.flc), _xlpm.feederType="3PNPE", _xlpm.LowE(_xlpm.flc), _xlpm.feederType="SCR", IF(_xlpm.flc<=63, "8E", IF(_xlpm.flc<=125, "12E", IF(_xlpm.flc<=250, "24E", "36E"))), _xlpm.feederType="MCCB_VSD",_xlpm.HighE(_xlpm.flc), _xlpm.feederType="FVNR", IF(_xlpm.kw<=55, "16E", IF(_xlpm.kw<=90, "24E", "36E")), _xlpm.feederType="M_A1", IF(_xlpm.kw<=15, "8E/4", "8E"), _xlpm.feederType="M_B1", IF(_xlpm.kw<=37, "8E", "12E"), _xlpm.feederType="M_C1", IF(_xlpm.kw<132, "12E", "16E"), _xlpm.feederType="M_D1", "16E", _xlpm.feederType="M_E1", "24E", _xlpm.feederType="UPS", IF(_xlpm.flc<=50, "8E", IF(_xlpm.flc<=100, "12E", IF(_xlpm.flc<=250, "16E", IF(_xlpm.flc<=400, "24E", "36E")))), _xlpm.feederType="FEEDER", _xlpm.FeederE, _xlpm.feederType="LIGHT", _xlpm.FeederE, _xlpm.feederType="HEATER", _xlpm.FeederE, TRUE, "<review>" ) )} -> 8E/4 | N45: M-E1 | O45: 400V DOL Motor Starter Cubicle | P45: 36E | Q45: =COUNTIFS($E$4:$E$18,N45,$F$4:$F$18,O45,$G$4:$G$18,P45) -> 0 | R45: =ROUNDUP(Q45*0.2,0) -> 0
A46: WS-CWP-001B | B46: A | C46: 8.81 | D46: 12.046869 | E46: M-A1 | F46: {=_xlfn.LET( _xlpm.tag, UPPER(TRIM(A46)), _xlpm.kw, N(C46), _xlpm.flc, N(D46), _xlpm.I_MCCB, 160, _xlpm.I_ACB, 630, _xlpm.tACB, "400V Air Circuit Breaker(ACB) Feeder Cubicle (per Dwg LV1)", _xlpm.tMCCB_HI, "400V MCCB Feeder Cubicle (I > 160A, per Dwg LV3)", _xlpm.tMCCB_LO, "400V MCCB Feeder Cubicle (I < 160A, per Dwg LV4)", _xlpm.tM_LV_DOL, "400V DOL Motor Starter Cubicle", _xlpm.parts, _xlfn.TEXTSPLIT(_xlpm.tag,"-"), _xlpm.mid, IF(COUNTA(_xlpm.parts)>=2, INDEX(_xlpm.parts,1,2), ""), _xlpm.mapCodes, {"AHU";"CWP";"EF";"ACWC";"ACCU";"EDH";"WWG";"WWP";"HD"}, _xlpm.mapType, {"M";"M";"M";"F";"F";"F";"F";"F";"F"}, _xlpm.codeType, _xlfn.XLOOKUP(_xlpm.mid, _xlpm.mapCodes, _xlpm.mapType, ""), _xlpm.motorClass, IF(_xlpm.codeType="M", _xlfn.IFS( _xlpm.mid="AHU", "M-E1", AND(_xlpm.kw>=0.37, _xlpm.kw<=15), "M-A1", AND(_xlpm.kw>=18.5, _xlpm.kw<22), "M-A1", AND(_xlpm.kw>=22, _xlpm.kw<=37), "M-B1", AND(_xlpm.kw>=45, _xlpm.kw<=75), "M-B1", AND(_xlpm.kw>=90, _xlpm.kw<=110), "M-B1", AND(_xlpm.kw>110, _xlpm.kw<132), "M-C1", AND(_xlpm.kw>=132, _xlpm.kw<=200), "M-D1", _xlpm.kw>200, "M-E1", TRUE, "<review>" ), "" ), _xlpm.FeederSel, IF(_xlpm.flc>=_xlpm.I_ACB, _xlpm.tACB, IF(_xlpm.flc>_xlpm.I_MCCB, _xlpm.tMCCB_HI, _xlpm.tMCCB_LO)), IF(_xlpm.codeType="F", _xlpm.FeederSel, IF(_xlpm.codeType="M", IF(_xlpm.motorClass="<review>", "<review>", _xlpm.tM_LV_DOL), "CHECK TAG CODE: "&_xlpm.mid ) ) )} -> 400V DOL Motor Starter Cubicle | G46: {=_xlfn.LET( _xlpm.c, UPPER(TRIM(_81IK61000189[[#This Row],[Starter Type]])), _xlpm.kw, N(_81IK61000189[[#This Row],[RATED POWER]]), _xlpm.flc, N(_81IK61000189[[#This Row],[FULL LOAD CURRENT]]), _xlpm.feederType, IFERROR( _xlfn.IFS( _xlpm.c="M-A1", "M_A1", _xlpm.c="M-B1", "M_B1", _xlpm.c="M-C1", "M_C1", _xlpm.c="M-D1", "M_D1", _xlpm.c="M-E1", "M_E1", _xlpm.c="U", "UPS", _xlpm.c="F", "FEEDER", _xlpm.c="L", "LIGHT", _xlpm.c="H", "HEATER", ISNUMBER(SEARCH("ACB", _xlpm.c)), "ACB", ISNUMBER(SEARCH("I > 160A", _xlpm.c)), "MCCB_HI", ISNUMBER(SEARCH("I < 160A", _xlpm.c)), "MCCB_LO", ISNUMBER(SEARCH("3PH+N+PE", _xlpm.c)), "3PNPE", ISNUMBER(SEARCH("SCR", _xlpm.c)), "SCR", ISNUMBER(SEARCH("VSD", _xlpm.c)), "MCCB_VSD", ISNUMBER(SEARCH("FVNR", _xlpm.c)), "FVNR", TRUE, "OTHER" ), "OTHER" ), _xlpm.LowE, _xlfn.LAMBDA(_xlpm.a, IF(_xlpm.a<=50, "8E", IF(_xlpm.a<=100, "12E", "16E"))), _xlpm.HighE, _xlfn.LAMBDA(_xlpm.a, IF(_xlpm.a<=250, "16E", IF(_xlpm.a<=400, "24E", "36E"))), _xlpm.FeederE, IF(_xlpm.flc<=32, "8E/4", IF(_xlpm.flc<=160, _xlpm.LowE(_xlpm.flc), _xlpm.HighE(_xlpm.flc))), _xlfn.IFS( _xlpm.feederType="ACB", "72E", _xlpm.feederType="MCCB_LO", _xlpm.LowE(_xlpm.flc), _xlpm.feederType="MCCB_HI", _xlpm.HighE(_xlpm.flc), _xlpm.feederType="3PNPE", _xlpm.LowE(_xlpm.flc), _xlpm.feederType="SCR", IF(_xlpm.flc<=63, "8E", IF(_xlpm.flc<=125, "12E", IF(_xlpm.flc<=250, "24E", "36E"))), _xlpm.feederType="MCCB_VSD",_xlpm.HighE(_xlpm.flc), _xlpm.feederType="FVNR", IF(_xlpm.kw<=55, "16E", IF(_xlpm.kw<=90, "24E", "36E")), _xlpm.feederType="M_A1", IF(_xlpm.kw<=15, "8E/4", "8E"), _xlpm.feederType="M_B1", IF(_xlpm.kw<=37, "8E", "12E"), _xlpm.feederType="M_C1", IF(_xlpm.kw<132, "12E", "16E"), _xlpm.feederType="M_D1", "16E", _xlpm.feederType="M_E1", "24E", _xlpm.feederType="UPS", IF(_xlpm.flc<=50, "8E", IF(_xlpm.flc<=100, "12E", IF(_xlpm.flc<=250, "16E", IF(_xlpm.flc<=400, "24E", "36E")))), _xlpm.feederType="FEEDER", _xlpm.FeederE, _xlpm.feederType="LIGHT", _xlpm.FeederE, _xlpm.feederType="HEATER", _xlpm.FeederE, TRUE, "<review>" ) )} -> 8E/4 | N46: F | O46: 400V MCCB Feeder Cubicle (I > 160A, per Dwg LV3) | P46: 16E | Q46: =COUNTIFS($E$4:$E$18,N46,$F$4:$F$18,O46,$G$4:$G$18,P46) -> 0 | R46: =ROUNDUP(Q46*0.2,0) -> 0
A47: WS-CWP-002A | B47: A | C47: 8.81 | D47: 12.046869 | E47: M-A1 | F47: {=_xlfn.LET( _xlpm.tag, UPPER(TRIM(A47)), _xlpm.kw, N(C47), _xlpm.flc, N(D47), _xlpm.I_MCCB, 160, _xlpm.I_ACB, 630, _xlpm.tACB, "400V Air Circuit Breaker(ACB) Feeder Cubicle (per Dwg LV1)", _xlpm.tMCCB_HI, "400V MCCB Feeder Cubicle (I > 160A, per Dwg LV3)", _xlpm.tMCCB_LO, "400V MCCB Feeder Cubicle (I < 160A, per Dwg LV4)", _xlpm.tM_LV_DOL, "400V DOL Motor Starter Cubicle", _xlpm.parts, _xlfn.TEXTSPLIT(_xlpm.tag,"-"), _xlpm.mid, IF(COUNTA(_xlpm.parts)>=2, INDEX(_xlpm.parts,1,2), ""), _xlpm.mapCodes, {"AHU";"CWP";"EF";"ACWC";"ACCU";"EDH";"WWG";"WWP";"HD"}, _xlpm.mapType, {"M";"M";"M";"F";"F";"F";"F";"F";"F"}, _xlpm.codeType, _xlfn.XLOOKUP(_xlpm.mid, _xlpm.mapCodes, _xlpm.mapType, ""), _xlpm.motorClass, IF(_xlpm.codeType="M", _xlfn.IFS( _xlpm.mid="AHU", "M-E1", AND(_xlpm.kw>=0.37, _xlpm.kw<=15), "M-A1", AND(_xlpm.kw>=18.5, _xlpm.kw<22), "M-A1", AND(_xlpm.kw>=22, _xlpm.kw<=37), "M-B1", AND(_xlpm.kw>=45, _xlpm.kw<=75), "M-B1", AND(_xlpm.kw>=90, _xlpm.kw<=110), "M-B1", AND(_xlpm.kw>110, _xlpm.kw<132), "M-C1", AND(_xlpm.kw>=132, _xlpm.kw<=200), "M-D1", _xlpm.kw>200, "M-E1", TRUE, "<review>" ), "" ), _xlpm.FeederSel, IF(_xlpm.flc>=_xlpm.I_ACB, _xlpm.tACB, IF(_xlpm.flc>_xlpm.I_MCCB, _xlpm.tMCCB_HI, _xlpm.tMCCB_LO)), IF(_xlpm.codeType="F", _xlpm.FeederSel, IF(_xlpm.codeType="M", IF(_xlpm.motorClass="<review>", "<review>", _xlpm.tM_LV_DOL), "CHECK TAG CODE: "&_xlpm.mid ) ) )} -> 400V DOL Motor Starter Cubicle | G47: {=_xlfn.LET( _xlpm.c, UPPER(TRIM(_81IK61000189[[#This Row],[Starter Type]])), _xlpm.kw, N(_81IK61000189[[#This Row],[RATED POWER]]), _xlpm.flc, N(_81IK61000189[[#This Row],[FULL LOAD CURRENT]]), _xlpm.feederType, IFERROR( _xlfn.IFS( _xlpm.c="M-A1", "M_A1", _xlpm.c="M-B1", "M_B1", _xlpm.c="M-C1", "M_C1", _xlpm.c="M-D1", "M_D1", _xlpm.c="M-E1", "M_E1", _xlpm.c="U", "UPS", _xlpm.c="F", "FEEDER", _xlpm.c="L", "LIGHT", _xlpm.c="H", "HEATER", ISNUMBER(SEARCH("ACB", _xlpm.c)), "ACB", ISNUMBER(SEARCH("I > 160A", _xlpm.c)), "MCCB_HI", ISNUMBER(SEARCH("I < 160A", _xlpm.c)), "MCCB_LO", ISNUMBER(SEARCH("3PH+N+PE", _xlpm.c)), "3PNPE", ISNUMBER(SEARCH("SCR", _xlpm.c)), "SCR", ISNUMBER(SEARCH("VSD", _xlpm.c)), "MCCB_VSD", ISNUMBER(SEARCH("FVNR", _xlpm.c)), "FVNR", TRUE, "OTHER" ), "OTHER" ), _xlpm.LowE, _xlfn.LAMBDA(_xlpm.a, IF(_xlpm.a<=50, "8E", IF(_xlpm.a<=100, "12E", "16E"))), _xlpm.HighE, _xlfn.LAMBDA(_xlpm.a, IF(_xlpm.a<=250, "16E", IF(_xlpm.a<=400, "24E", "36E"))), _xlpm.FeederE, IF(_xlpm.flc<=32, "8E/4", IF(_xlpm.flc<=160, _xlpm.LowE(_xlpm.flc), _xlpm.HighE(_xlpm.flc))), _xlfn.IFS( _xlpm.feederType="ACB", "72E", _xlpm.feederType="MCCB_LO", _xlpm.LowE(_xlpm.flc), _xlpm.feederType="MCCB_HI", _xlpm.HighE(_xlpm.flc), _xlpm.feederType="3PNPE", _xlpm.LowE(_xlpm.flc), _xlpm.feederType="SCR", IF(_xlpm.flc<=63, "8E", IF(_xlpm.flc<=125, "12E", IF(_xlpm.flc<=250, "24E", "36E"))), _xlpm.feederType="MCCB_VSD",_xlpm.HighE(_xlpm.flc), _xlpm.feederType="FVNR", IF(_xlpm.kw<=55, "16E", IF(_xlpm.kw<=90, "24E", "36E")), _xlpm.feederType="M_A1", IF(_xlpm.kw<=15, "8E/4", "8E"), _xlpm.feederType="M_B1", IF(_xlpm.kw<=37, "8E", "12E"), _xlpm.feederType="M_C1", IF(_xlpm.kw<132, "12E", "16E"), _xlpm.feederType="M_D1", "16E", _xlpm.feederType="M_E1", "24E", _xlpm.feederType="UPS", IF(_xlpm.flc<=50, "8E", IF(_xlpm.flc<=100, "12E", IF(_xlpm.flc<=250, "16E", IF(_xlpm.flc<=400, "24E", "36E")))), _xlpm.feederType="FEEDER", _xlpm.FeederE, _xlpm.feederType="LIGHT", _xlpm.FeederE, _xlpm.feederType="HEATER", _xlpm.FeederE, TRUE, "<review>" ) )} -> 8E/4 | N47: F | O47: 400V MCCB Feeder Cubicle (I < 160A, per Dwg LV4) | P47: 16E | Q47: =COUNTIFS($E$4:$E$18,N47,$F$4:$F$18,O47,$G$4:$G$18,P47) -> 1 | R47: =ROUNDUP(Q47*0.2,0) -> 1
A48: WS-CWP-002B | B48: A | C48: 8.81 | D48: 12.046869 | E48: M-A1 | F48: {=_xlfn.LET( _xlpm.tag, UPPER(TRIM(A48)), _xlpm.kw, N(C48), _xlpm.flc, N(D48), _xlpm.I_MCCB, 160, _xlpm.I_ACB, 630, _xlpm.tACB, "400V Air Circuit Breaker(ACB) Feeder Cubicle (per Dwg LV1)", _xlpm.tMCCB_HI, "400V MCCB Feeder Cubicle (I > 160A, per Dwg LV3)", _xlpm.tMCCB_LO, "400V MCCB Feeder Cubicle (I < 160A, per Dwg LV4)", _xlpm.tM_LV_DOL, "400V DOL Motor Starter Cubicle", _xlpm.parts, _xlfn.TEXTSPLIT(_xlpm.tag,"-"), _xlpm.mid, IF(COUNTA(_xlpm.parts)>=2, INDEX(_xlpm.parts,1,2), ""), _xlpm.mapCodes, {"AHU";"CWP";"EF";"ACWC";"ACCU";"EDH";"WWG";"WWP";"HD"}, _xlpm.mapType, {"M";"M";"M";"F";"F";"F";"F";"F";"F"}, _xlpm.codeType, _xlfn.XLOOKUP(_xlpm.mid, _xlpm.mapCodes, _xlpm.mapType, ""), _xlpm.motorClass, IF(_xlpm.codeType="M", _xlfn.IFS( _xlpm.mid="AHU", "M-E1", AND(_xlpm.kw>=0.37, _xlpm.kw<=15), "M-A1", AND(_xlpm.kw>=18.5, _xlpm.kw<22), "M-A1", AND(_xlpm.kw>=22, _xlpm.kw<=37), "M-B1", AND(_xlpm.kw>=45, _xlpm.kw<=75), "M-B1", AND(_xlpm.kw>=90, _xlpm.kw<=110), "M-B1", AND(_xlpm.kw>110, _xlpm.kw<132), "M-C1", AND(_xlpm.kw>=132, _xlpm.kw<=200), "M-D1", _xlpm.kw>200, "M-E1", TRUE, "<review>" ), "" ), _xlpm.FeederSel, IF(_xlpm.flc>=_xlpm.I_ACB, _xlpm.tACB, IF(_xlpm.flc>_xlpm.I_MCCB, _xlpm.tMCCB_HI, _xlpm.tMCCB_LO)), IF(_xlpm.codeType="F", _xlpm.FeederSel, IF(_xlpm.codeType="M", IF(_xlpm.motorClass="<review>", "<review>", _xlpm.tM_LV_DOL), "CHECK TAG CODE: "&_xlpm.mid ) ) )} -> 400V DOL Motor Starter Cubicle | G48: {=_xlfn.LET( _xlpm.c, UPPER(TRIM(_81IK61000189[[#This Row],[Starter Type]])), _xlpm.kw, N(_81IK61000189[[#This Row],[RATED POWER]]), _xlpm.flc, N(_81IK61000189[[#This Row],[FULL LOAD CURRENT]]), _xlpm.feederType, IFERROR( _xlfn.IFS( _xlpm.c="M-A1", "M_A1", _xlpm.c="M-B1", "M_B1", _xlpm.c="M-C1", "M_C1", _xlpm.c="M-D1", "M_D1", _xlpm.c="M-E1", "M_E1", _xlpm.c="U", "UPS", _xlpm.c="F", "FEEDER", _xlpm.c="L", "LIGHT", _xlpm.c="H", "HEATER", ISNUMBER(SEARCH("ACB", _xlpm.c)), "ACB", ISNUMBER(SEARCH("I > 160A", _xlpm.c)), "MCCB_HI", ISNUMBER(SEARCH("I < 160A", _xlpm.c)), "MCCB_LO", ISNUMBER(SEARCH("3PH+N+PE", _xlpm.c)), "3PNPE", ISNUMBER(SEARCH("SCR", _xlpm.c)), "SCR", ISNUMBER(SEARCH("VSD", _xlpm.c)), "MCCB_VSD", ISNUMBER(SEARCH("FVNR", _xlpm.c)), "FVNR", TRUE, "OTHER" ), "OTHER" ), _xlpm.LowE, _xlfn.LAMBDA(_xlpm.a, IF(_xlpm.a<=50, "8E", IF(_xlpm.a<=100, "12E", "16E"))), _xlpm.HighE, _xlfn.LAMBDA(_xlpm.a, IF(_xlpm.a<=250, "16E", IF(_xlpm.a<=400, "24E", "36E"))), _xlpm.FeederE, IF(_xlpm.flc<=32, "8E/4", IF(_xlpm.flc<=160, _xlpm.LowE(_xlpm.flc), _xlpm.HighE(_xlpm.flc))), _xlfn.IFS( _xlpm.feederType="ACB", "72E", _xlpm.feederType="MCCB_LO", _xlpm.LowE(_xlpm.flc), _xlpm.feederType="MCCB_HI", _xlpm.HighE(_xlpm.flc), _xlpm.feederType="3PNPE", _xlpm.LowE(_xlpm.flc), _xlpm.feederType="SCR", IF(_xlpm.flc<=63, "8E", IF(_xlpm.flc<=125, "12E", IF(_xlpm.flc<=250, "24E", "36E"))), _xlpm.feederType="MCCB_VSD",_xlpm.HighE(_xlpm.flc), _xlpm.feederType="FVNR", IF(_xlpm.kw<=55, "16E", IF(_xlpm.kw<=90, "24E", "36E")), _xlpm.feederType="M_A1", IF(_xlpm.kw<=15, "8E/4", "8E"), _xlpm.feederType="M_B1", IF(_xlpm.kw<=37, "8E", "12E"), _xlpm.feederType="M_C1", IF(_xlpm.kw<132, "12E", "16E"), _xlpm.feederType="M_D1", "16E", _xlpm.feederType="M_E1", "24E", _xlpm.feederType="UPS", IF(_xlpm.flc<=50, "8E", IF(_xlpm.flc<=100, "12E", IF(_xlpm.flc<=250, "16E", IF(_xlpm.flc<=400, "24E", "36E")))), _xlpm.feederType="FEEDER", _xlpm.FeederE, _xlpm.feederType="LIGHT", _xlpm.FeederE, _xlpm.feederType="HEATER", _xlpm.FeederE, TRUE, "<review>" ) )} -> 8E/4 | N48: F | O48: 400V MCCB Feeder Cubicle (I < 160A, per Dwg LV4) | P48: 12E | Q48: =COUNTIFS($E$4:$E$18,N48,$F$4:$F$18,O48,$G$4:$G$18,P48) -> 0 | R48: =ROUNDUP(Q48*0.2,0) -> 0
A49: WS-ACCU-001A | B49: A | C49: 31.29 | D49: 42.786213 | E49: F | F49: {=_xlfn.LET( _xlpm.tag, UPPER(TRIM(A49)), _xlpm.kw, N(C49), _xlpm.flc, N(D49), _xlpm.I_MCCB, 160, _xlpm.I_ACB, 630, _xlpm.tACB, "400V Air Circuit Breaker(ACB) Feeder Cubicle (per Dwg LV1)", _xlpm.tMCCB_HI, "400V MCCB Feeder Cubicle (I > 160A, per Dwg LV3)", _xlpm.tMCCB_LO, "400V MCCB Feeder Cubicle (I < 160A, per Dwg LV4)", _xlpm.tM_LV_DOL, "400V DOL Motor Starter Cubicle", _xlpm.parts, _xlfn.TEXTSPLIT(_xlpm.tag,"-"), _xlpm.mid, IF(COUNTA(_xlpm.parts)>=2, INDEX(_xlpm.parts,1,2), ""), _xlpm.mapCodes, {"AHU";"CWP";"EF";"ACWC";"ACCU";"EDH";"WWG";"WWP";"HD"}, _xlpm.mapType, {"M";"M";"M";"F";"F";"F";"F";"F";"F"}, _xlpm.codeType, _xlfn.XLOOKUP(_xlpm.mid, _xlpm.mapCodes, _xlpm.mapType, ""), _xlpm.motorClass, IF(_xlpm.codeType="M", _xlfn.IFS( _xlpm.mid="AHU", "M-E1", AND(_xlpm.kw>=0.37, _xlpm.kw<=15), "M-A1", AND(_xlpm.kw>=18.5, _xlpm.kw<22), "M-A1", AND(_xlpm.kw>=22, _xlpm.kw<=37), "M-B1", AND(_xlpm.kw>=45, _xlpm.kw<=75), "M-B1", AND(_xlpm.kw>=90, _xlpm.kw<=110), "M-B1", AND(_xlpm.kw>110, _xlpm.kw<132), "M-C1", AND(_xlpm.kw>=132, _xlpm.kw<=200), "M-D1", _xlpm.kw>200, "M-E1", TRUE, "<review>" ), "" ), _xlpm.FeederSel, IF(_xlpm.flc>=_xlpm.I_ACB, _xlpm.tACB, IF(_xlpm.flc>_xlpm.I_MCCB, _xlpm.tMCCB_HI, _xlpm.tMCCB_LO)), IF(_xlpm.codeType="F", _xlpm.FeederSel, IF(_xlpm.codeType="M", IF(_xlpm.motorClass="<review>", "<review>", _xlpm.tM_LV_DOL), "CHECK TAG CODE: "&_xlpm.mid ) ) )} -> 400V MCCB Feeder Cubicle (I < 160A, per Dwg LV4) | G49: {=_xlfn.LET( _xlpm.c, UPPER(TRIM(_81IK61000189[[#This Row],[Starter Type]])), _xlpm.kw, N(_81IK61000189[[#This Row],[RATED POWER]]), _xlpm.flc, N(_81IK61000189[[#This Row],[FULL LOAD CURRENT]]), _xlpm.feederType, IFERROR( _xlfn.IFS( _xlpm.c="M-A1", "M_A1", _xlpm.c="M-B1", "M_B1", _xlpm.c="M-C1", "M_C1", _xlpm.c="M-D1", "M_D1", _xlpm.c="M-E1", "M_E1", _xlpm.c="U", "UPS", _xlpm.c="F", "FEEDER", _xlpm.c="L", "LIGHT", _xlpm.c="H", "HEATER", ISNUMBER(SEARCH("ACB", _xlpm.c)), "ACB", ISNUMBER(SEARCH("I > 160A", _xlpm.c)), "MCCB_HI", ISNUMBER(SEARCH("I < 160A", _xlpm.c)), "MCCB_LO", ISNUMBER(SEARCH("3PH+N+PE", _xlpm.c)), "3PNPE", ISNUMBER(SEARCH("SCR", _xlpm.c)), "SCR", ISNUMBER(SEARCH("VSD", _xlpm.c)), "MCCB_VSD", ISNUMBER(SEARCH("FVNR", _xlpm.c)), "FVNR", TRUE, "OTHER" ), "OTHER" ), _xlpm.LowE, _xlfn.LAMBDA(_xlpm.a, IF(_xlpm.a<=50, "8E", IF(_xlpm.a<=100, "12E", "16E"))), _xlpm.HighE, _xlfn.LAMBDA(_xlpm.a, IF(_xlpm.a<=250, "16E", IF(_xlpm.a<=400, "24E", "36E"))), _xlpm.FeederE, IF(_xlpm.flc<=32, "8E/4", IF(_xlpm.flc<=160, _xlpm.LowE(_xlpm.flc), _xlpm.HighE(_xlpm.flc))), _xlfn.IFS( _xlpm.feederType="ACB", "72E", _xlpm.feederType="MCCB_LO", _xlpm.LowE(_xlpm.flc), _xlpm.feederType="MCCB_HI", _xlpm.HighE(_xlpm.flc), _xlpm.feederType="3PNPE", _xlpm.LowE(_xlpm.flc), _xlpm.feederType="SCR", IF(_xlpm.flc<=63, "8E", IF(_xlpm.flc<=125, "12E", IF(_xlpm.flc<=250, "24E", "36E"))), _xlpm.feederType="MCCB_VSD",_xlpm.HighE(_xlpm.flc), _xlpm.feederType="FVNR", IF(_xlpm.kw<=55, "16E", IF(_xlpm.kw<=90, "24E", "36E")), _xlpm.feederType="M_A1", IF(_xlpm.kw<=15, "8E/4", "8E"), _xlpm.feederType="M_B1", IF(_xlpm.kw<=37, "8E", "12E"), _xlpm.feederType="M_C1", IF(_xlpm.kw<132, "12E", "16E"), _xlpm.feederType="M_D1", "16E", _xlpm.feederType="M_E1", "24E", _xlpm.feederType="UPS", IF(_xlpm.flc<=50, "8E", IF(_xlpm.flc<=100, "12E", IF(_xlpm.flc<=250, "16E", IF(_xlpm.flc<=400, "24E", "36E")))), _xlpm.feederType="FEEDER", _xlpm.FeederE, _xlpm.feederType="LIGHT", _xlpm.FeederE, _xlpm.feederType="HEATER", _xlpm.FeederE, TRUE, "<review>" ) )} -> 8E | N49: H | O49: 400V SCR-Controlled Heater Feeder Cubicle (per Dwg LV8) | P49: 16E | Q49: =COUNTIFS($E$4:$E$18,N49,$F$4:$F$18,O49,$G$4:$G$18,P49) -> 0 | R49: =ROUNDUP(Q49*0.2,0) -> 0
A50: WS-ACCU-001B | B50: A | C50: 31.29 | D50: 42.786213 | E50: F | F50: {=_xlfn.LET( _xlpm.tag, UPPER(TRIM(A50)), _xlpm.kw, N(C50), _xlpm.flc, N(D50), _xlpm.I_MCCB, 160, _xlpm.I_ACB, 630, _xlpm.tACB, "400V Air Circuit Breaker(ACB) Feeder Cubicle (per Dwg LV1)", _xlpm.tMCCB_HI, "400V MCCB Feeder Cubicle (I > 160A, per Dwg LV3)", _xlpm.tMCCB_LO, "400V MCCB Feeder Cubicle (I < 160A, per Dwg LV4)", _xlpm.tM_LV_DOL, "400V DOL Motor Starter Cubicle", _xlpm.parts, _xlfn.TEXTSPLIT(_xlpm.tag,"-"), _xlpm.mid, IF(COUNTA(_xlpm.parts)>=2, INDEX(_xlpm.parts,1,2), ""), _xlpm.mapCodes, {"AHU";"CWP";"EF";"ACWC";"ACCU";"EDH";"WWG";"WWP";"HD"}, _xlpm.mapType, {"M";"M";"M";"F";"F";"F";"F";"F";"F"}, _xlpm.codeType, _xlfn.XLOOKUP(_xlpm.mid, _xlpm.mapCodes, _xlpm.mapType, ""), _xlpm.motorClass, IF(_xlpm.codeType="M", _xlfn.IFS( _xlpm.mid="AHU", "M-E1", AND(_xlpm.kw>=0.37, _xlpm.kw<=15), "M-A1", AND(_xlpm.kw>=18.5, _xlpm.kw<22), "M-A1", AND(_xlpm.kw>=22, _xlpm.kw<=37), "M-B1", AND(_xlpm.kw>=45, _xlpm.kw<=75), "M-B1", AND(_xlpm.kw>=90, _xlpm.kw<=110), "M-B1", AND(_xlpm.kw>110, _xlpm.kw<132), "M-C1", AND(_xlpm.kw>=132, _xlpm.kw<=200), "M-D1", _xlpm.kw>200, "M-E1", TRUE, "<review>" ), "" ), _xlpm.FeederSel, IF(_xlpm.flc>=_xlpm.I_ACB, _xlpm.tACB, IF(_xlpm.flc>_xlpm.I_MCCB, _xlpm.tMCCB_HI, _xlpm.tMCCB_LO)), IF(_xlpm.codeType="F", _xlpm.FeederSel, IF(_xlpm.codeType="M", IF(_xlpm.motorClass="<review>", "<review>", _xlpm.tM_LV_DOL), "CHECK TAG CODE: "&_xlpm.mid ) ) )} -> 400V MCCB Feeder Cubicle (I < 160A, per Dwg LV4) | G50: {=_xlfn.LET( _xlpm.c, UPPER(TRIM(_81IK61000189[[#This Row],[Starter Type]])), _xlpm.kw, N(_81IK61000189[[#This Row],[RATED POWER]]), _xlpm.flc, N(_81IK61000189[[#This Row],[FULL LOAD CURRENT]]), _xlpm.feederType, IFERROR( _xlfn.IFS( _xlpm.c="M-A1", "M_A1", _xlpm.c="M-B1", "M_B1", _xlpm.c="M-C1", "M_C1", _xlpm.c="M-D1", "M_D1", _xlpm.c="M-E1", "M_E1", _xlpm.c="U", "UPS", _xlpm.c="F", "FEEDER", _xlpm.c="L", "LIGHT", _xlpm.c="H", "HEATER", ISNUMBER(SEARCH("ACB", _xlpm.c)), "ACB", ISNUMBER(SEARCH("I > 160A", _xlpm.c)), "MCCB_HI", ISNUMBER(SEARCH("I < 160A", _xlpm.c)), "MCCB_LO", ISNUMBER(SEARCH("3PH+N+PE", _xlpm.c)), "3PNPE", ISNUMBER(SEARCH("SCR", _xlpm.c)), "SCR", ISNUMBER(SEARCH("VSD", _xlpm.c)), "MCCB_VSD", ISNUMBER(SEARCH("FVNR", _xlpm.c)), "FVNR", TRUE, "OTHER" ), "OTHER" ), _xlpm.LowE, _xlfn.LAMBDA(_xlpm.a, IF(_xlpm.a<=50, "8E", IF(_xlpm.a<=100, "12E", "16E"))), _xlpm.HighE, _xlfn.LAMBDA(_xlpm.a, IF(_xlpm.a<=250, "16E", IF(_xlpm.a<=400, "24E", "36E"))), _xlpm.FeederE, IF(_xlpm.flc<=32, "8E/4", IF(_xlpm.flc<=160, _xlpm.LowE(_xlpm.flc), _xlpm.HighE(_xlpm.flc))), _xlfn.IFS( _xlpm.feederType="ACB", "72E", _xlpm.feederType="MCCB_LO", _xlpm.LowE(_xlpm.flc), _xlpm.feederType="MCCB_HI", _xlpm.HighE(_xlpm.flc), _xlpm.feederType="3PNPE", _xlpm.LowE(_xlpm.flc), _xlpm.feederType="SCR", IF(_xlpm.flc<=63, "8E", IF(_xlpm.flc<=125, "12E", IF(_xlpm.flc<=250, "24E", "36E"))), _xlpm.feederType="MCCB_VSD",_xlpm.HighE(_xlpm.flc), _xlpm.feederType="FVNR", IF(_xlpm.kw<=55, "16E", IF(_xlpm.kw<=90, "24E", "36E")), _xlpm.feederType="M_A1", IF(_xlpm.kw<=15, "8E/4", "8E"), _xlpm.feederType="M_B1", IF(_xlpm.kw<=37, "8E", "12E"), _xlpm.feederType="M_C1", IF(_xlpm.kw<132, "12E", "16E"), _xlpm.feederType="M_D1", "16E", _xlpm.feederType="M_E1", "24E", _xlpm.feederType="UPS", IF(_xlpm.flc<=50, "8E", IF(_xlpm.flc<=100, "12E", IF(_xlpm.flc<=250, "16E", IF(_xlpm.flc<=400, "24E", "36E")))), _xlpm.feederType="FEEDER", _xlpm.FeederE, _xlpm.feederType="LIGHT", _xlpm.FeederE, _xlpm.feederType="HEATER", _xlpm.FeederE, TRUE, "<review>" ) )} -> 8E | N50: M-B1 | O50: 400V DOL Motor Starter Cubicle | P50: 24E | Q50: =COUNTIFS($E$4:$E$18,N50,$F$4:$F$18,O50,$G$4:$G$18,P50) -> 0 | R50: =ROUNDUP(Q50*0.2,0) -> 0
A51: WS-ACCU-002A | B51: A | C51: 19.22 | D51: 26.281592 | E51: F | F51: {=_xlfn.LET( _xlpm.tag, UPPER(TRIM(A51)), _xlpm.kw, N(C51), _xlpm.flc, N(D51), _xlpm.I_MCCB, 160, _xlpm.I_ACB, 630, _xlpm.tACB, "400V Air Circuit Breaker(ACB) Feeder Cubicle (per Dwg LV1)", _xlpm.tMCCB_HI, "400V MCCB Feeder Cubicle (I > 160A, per Dwg LV3)", _xlpm.tMCCB_LO, "400V MCCB Feeder Cubicle (I < 160A, per Dwg LV4)", _xlpm.tM_LV_DOL, "400V DOL Motor Starter Cubicle", _xlpm.parts, _xlfn.TEXTSPLIT(_xlpm.tag,"-"), _xlpm.mid, IF(COUNTA(_xlpm.parts)>=2, INDEX(_xlpm.parts,1,2), ""), _xlpm.mapCodes, {"AHU";"CWP";"EF";"ACWC";"ACCU";"EDH";"WWG";"WWP";"HD"}, _xlpm.mapType, {"M";"M";"M";"F";"F";"F";"F";"F";"F"}, _xlpm.codeType, _xlfn.XLOOKUP(_xlpm.mid, _xlpm.mapCodes, _xlpm.mapType, ""), _xlpm.motorClass, IF(_xlpm.codeType="M", _xlfn.IFS( _xlpm.mid="AHU", "M-E1", AND(_xlpm.kw>=0.37, _xlpm.kw<=15), "M-A1", AND(_xlpm.kw>=18.5, _xlpm.kw<22), "M-A1", AND(_xlpm.kw>=22, _xlpm.kw<=37), "M-B1", AND(_xlpm.kw>=45, _xlpm.kw<=75), "M-B1", AND(_xlpm.kw>=90, _xlpm.kw<=110), "M-B1", AND(_xlpm.kw>110, _xlpm.kw<132), "M-C1", AND(_xlpm.kw>=132, _xlpm.kw<=200), "M-D1", _xlpm.kw>200, "M-E1", TRUE, "<review>" ), "" ), _xlpm.FeederSel, IF(_xlpm.flc>=_xlpm.I_ACB, _xlpm.tACB, IF(_xlpm.flc>_xlpm.I_MCCB, _xlpm.tMCCB_HI, _xlpm.tMCCB_LO)), IF(_xlpm.codeType="F", _xlpm.FeederSel, IF(_xlpm.codeType="M", IF(_xlpm.motorClass="<review>", "<review>", _xlpm.tM_LV_DOL), "CHECK TAG CODE: "&_xlpm.mid ) ) )} -> 400V MCCB Feeder Cubicle (I < 160A, per Dwg LV4) | G51: {=_xlfn.LET( _xlpm.c, UPPER(TRIM(_81IK61000189[[#This Row],[Starter Type]])), _xlpm.kw, N(_81IK61000189[[#This Row],[RATED POWER]]), _xlpm.flc, N(_81IK61000189[[#This Row],[FULL LOAD CURRENT]]), _xlpm.feederType, IFERROR( _xlfn.IFS( _xlpm.c="M-A1", "M_A1", _xlpm.c="M-B1", "M_B1", _xlpm.c="M-C1", "M_C1", _xlpm.c="M-D1", "M_D1", _xlpm.c="M-E1", "M_E1", _xlpm.c="U", "UPS", _xlpm.c="F", "FEEDER", _xlpm.c="L", "LIGHT", _xlpm.c="H", "HEATER", ISNUMBER(SEARCH("ACB", _xlpm.c)), "ACB", ISNUMBER(SEARCH("I > 160A", _xlpm.c)), "MCCB_HI", ISNUMBER(SEARCH("I < 160A", _xlpm.c)), "MCCB_LO", ISNUMBER(SEARCH("3PH+N+PE", _xlpm.c)), "3PNPE", ISNUMBER(SEARCH("SCR", _xlpm.c)), "SCR", ISNUMBER(SEARCH("VSD", _xlpm.c)), "MCCB_VSD", ISNUMBER(SEARCH("FVNR", _xlpm.c)), "FVNR", TRUE, "OTHER" ), "OTHER" ), _xlpm.LowE, _xlfn.LAMBDA(_xlpm.a, IF(_xlpm.a<=50, "8E", IF(_xlpm.a<=100, "12E", "16E"))), _xlpm.HighE, _xlfn.LAMBDA(_xlpm.a, IF(_xlpm.a<=250, "16E", IF(_xlpm.a<=400, "24E", "36E"))), _xlpm.FeederE, IF(_xlpm.flc<=32, "8E/4", IF(_xlpm.flc<=160, _xlpm.LowE(_xlpm.flc), _xlpm.HighE(_xlpm.flc))), _xlfn.IFS( _xlpm.feederType="ACB", "72E", _xlpm.feederType="MCCB_LO", _xlpm.LowE(_xlpm.flc), _xlpm.feederType="MCCB_HI", _xlpm.HighE(_xlpm.flc), _xlpm.feederType="3PNPE", _xlpm.LowE(_xlpm.flc), _xlpm.feederType="SCR", IF(_xlpm.flc<=63, "8E", IF(_xlpm.flc<=125, "12E", IF(_xlpm.flc<=250, "24E", "36E"))), _xlpm.feederType="MCCB_VSD",_xlpm.HighE(_xlpm.flc), _xlpm.feederType="FVNR", IF(_xlpm.kw<=55, "16E", IF(_xlpm.kw<=90, "24E", "36E")), _xlpm.feederType="M_A1", IF(_xlpm.kw<=15, "8E/4", "8E"), _xlpm.feederType="M_B1", IF(_xlpm.kw<=37, "8E", "12E"), _xlpm.feederType="M_C1", IF(_xlpm.kw<132, "12E", "16E"), _xlpm.feederType="M_D1", "16E", _xlpm.feederType="M_E1", "24E", _xlpm.feederType="UPS", IF(_xlpm.flc<=50, "8E", IF(_xlpm.flc<=100, "12E", IF(_xlpm.flc<=250, "16E", IF(_xlpm.flc<=400, "24E", "36E")))), _xlpm.feederType="FEEDER", _xlpm.FeederE, _xlpm.feederType="LIGHT", _xlpm.FeederE, _xlpm.feederType="HEATER", _xlpm.FeederE, TRUE, "<review>" ) )} -> 8E/4 | N51: M-A1 | O51: 400V DOL Motor Starter Cubicle | P51: 16E | Q51: =COUNTIFS($E$4:$E$18,N51,$F$4:$F$18,O51,$G$4:$G$18,P51) -> 0 | R51: =ROUNDUP(Q51*0.2,0) -> 0
A52: WS-ACCU-002B | B52: A | C52: 19.22 | D52: 26.281592 | E52: F | F52: {=_xlfn.LET( _xlpm.tag, UPPER(TRIM(A52)), _xlpm.kw, N(C52), _xlpm.flc, N(D52), _xlpm.I_MCCB, 160, _xlpm.I_ACB, 630, _xlpm.tACB, "400V Air Circuit Breaker(ACB) Feeder Cubicle (per Dwg LV1)", _xlpm.tMCCB_HI, "400V MCCB Feeder Cubicle (I > 160A, per Dwg LV3)", _xlpm.tMCCB_LO, "400V MCCB Feeder Cubicle (I < 160A, per Dwg LV4)", _xlpm.tM_LV_DOL, "400V DOL Motor Starter Cubicle", _xlpm.parts, _xlfn.TEXTSPLIT(_xlpm.tag,"-"), _xlpm.mid, IF(COUNTA(_xlpm.parts)>=2, INDEX(_xlpm.parts,1,2), ""), _xlpm.mapCodes, {"AHU";"CWP";"EF";"ACWC";"ACCU";"EDH";"WWG";"WWP";"HD"}, _xlpm.mapType, {"M";"M";"M";"F";"F";"F";"F";"F";"F"}, _xlpm.codeType, _xlfn.XLOOKUP(_xlpm.mid, _xlpm.mapCodes, _xlpm.mapType, ""), _xlpm.motorClass, IF(_xlpm.codeType="M", _xlfn.IFS( _xlpm.mid="AHU", "M-E1", AND(_xlpm.kw>=0.37, _xlpm.kw<=15), "M-A1", AND(_xlpm.kw>=18.5, _xlpm.kw<22), "M-A1", AND(_xlpm.kw>=22, _xlpm.kw<=37), "M-B1", AND(_xlpm.kw>=45, _xlpm.kw<=75), "M-B1", AND(_xlpm.kw>=90, _xlpm.kw<=110), "M-B1", AND(_xlpm.kw>110, _xlpm.kw<132), "M-C1", AND(_xlpm.kw>=132, _xlpm.kw<=200), "M-D1", _xlpm.kw>200, "M-E1", TRUE, "<review>" ), "" ), _xlpm.FeederSel, IF(_xlpm.flc>=_xlpm.I_ACB, _xlpm.tACB, IF(_xlpm.flc>_xlpm.I_MCCB, _xlpm.tMCCB_HI, _xlpm.tMCCB_LO)), IF(_xlpm.codeType="F", _xlpm.FeederSel, IF(_xlpm.codeType="M", IF(_xlpm.motorClass="<review>", "<review>", _xlpm.tM_LV_DOL), "CHECK TAG CODE: "&_xlpm.mid ) ) )} -> 400V MCCB Feeder Cubicle (I < 160A, per Dwg LV4) | G52: {=_xlfn.LET( _xlpm.c, UPPER(TRIM(_81IK61000189[[#This Row],[Starter Type]])), _xlpm.kw, N(_81IK61000189[[#This Row],[RATED POWER]]), _xlpm.flc, N(_81IK61000189[[#This Row],[FULL LOAD CURRENT]]), _xlpm.feederType, IFERROR( _xlfn.IFS( _xlpm.c="M-A1", "M_A1", _xlpm.c="M-B1", "M_B1", _xlpm.c="M-C1", "M_C1", _xlpm.c="M-D1", "M_D1", _xlpm.c="M-E1", "M_E1", _xlpm.c="U", "UPS", _xlpm.c="F", "FEEDER", _xlpm.c="L", "LIGHT", _xlpm.c="H", "HEATER", ISNUMBER(SEARCH("ACB", _xlpm.c)), "ACB", ISNUMBER(SEARCH("I > 160A", _xlpm.c)), "MCCB_HI", ISNUMBER(SEARCH("I < 160A", _xlpm.c)), "MCCB_LO", ISNUMBER(SEARCH("3PH+N+PE", _xlpm.c)), "3PNPE", ISNUMBER(SEARCH("SCR", _xlpm.c)), "SCR", ISNUMBER(SEARCH("VSD", _xlpm.c)), "MCCB_VSD", ISNUMBER(SEARCH("FVNR", _xlpm.c)), "FVNR", TRUE, "OTHER" ), "OTHER" ), _xlpm.LowE, _xlfn.LAMBDA(_xlpm.a, IF(_xlpm.a<=50, "8E", IF(_xlpm.a<=100, "12E", "16E"))), _xlpm.HighE, _xlfn.LAMBDA(_xlpm.a, IF(_xlpm.a<=250, "16E", IF(_xlpm.a<=400, "24E", "36E"))), _xlpm.FeederE, IF(_xlpm.flc<=32, "8E/4", IF(_xlpm.flc<=160, _xlpm.LowE(_xlpm.flc), _xlpm.HighE(_xlpm.flc))), _xlfn.IFS( _xlpm.feederType="ACB", "72E", _xlpm.feederType="MCCB_LO", _xlpm.LowE(_xlpm.flc), _xlpm.feederType="MCCB_HI", _xlpm.HighE(_xlpm.flc), _xlpm.feederType="3PNPE", _xlpm.LowE(_xlpm.flc), _xlpm.feederType="SCR", IF(_xlpm.flc<=63, "8E", IF(_xlpm.flc<=125, "12E", IF(_xlpm.flc<=250, "24E", "36E"))), _xlpm.feederType="MCCB_VSD",_xlpm.HighE(_xlpm.flc), _xlpm.feederType="FVNR", IF(_xlpm.kw<=55, "16E", IF(_xlpm.kw<=90, "24E", "36E")), _xlpm.feederType="M_A1", IF(_xlpm.kw<=15, "8E/4", "8E"), _xlpm.feederType="M_B1", IF(_xlpm.kw<=37, "8E", "12E"), _xlpm.feederType="M_C1", IF(_xlpm.kw<132, "12E", "16E"), _xlpm.feederType="M_D1", "16E", _xlpm.feederType="M_E1", "24E", _xlpm.feederType="UPS", IF(_xlpm.flc<=50, "8E", IF(_xlpm.flc<=100, "12E", IF(_xlpm.flc<=250, "16E", IF(_xlpm.flc<=400, "24E", "36E")))), _xlpm.feederType="FEEDER", _xlpm.FeederE, _xlpm.feederType="LIGHT", _xlpm.FeederE, _xlpm.feederType="HEATER", _xlpm.FeederE, TRUE, "<review>" ) )} -> 8E/4 | N52: L | O52: 400V 3Ph+N+PE Feeder Cubicle (per Dwg LV5) | P52: 8E | Q52: =COUNTIFS($E$4:$E$18,N52,$F$4:$F$18,O52,$G$4:$G$18,P52) -> 0 | R52: =ROUNDUP(Q52*0.2,0) -> 0
... A57: WS-EF-004 | B57: A | C57: 0.37 | D57: 0.50594116 | E57: M-A1 | F57: {=_xlfn.LET( _xlpm.tag, UPPER(TRIM(A57)), _xlpm.kw, N(C57), _xlpm.flc, N(D57), _xlpm.I_MCCB, 160, _xlpm.I_ACB, 630, _xlpm.tACB, "400V Air Circuit Breaker(ACB) Feeder Cubicle (per Dwg LV1)", _xlpm.tMCCB_HI, "400V MCCB Feeder Cubicle (I > 160A, per Dwg LV3)", _xlpm.tMCCB_LO, "400V MCCB Feeder Cubicle (I < 160A, per Dwg LV4)", _xlpm.tM_LV_DOL, "400V DOL Motor Starter Cubicle", _xlpm.parts, _xlfn.TEXTSPLIT(_xlpm.tag,"-"), _xlpm.mid, IF(COUNTA(_xlpm.parts)>=2, INDEX(_xlpm.parts,1,2), ""), _xlpm.mapCodes, {"AHU";"CWP";"EF";"ACWC";"ACCU";"EDH";"WWG";"WWP";"HD"}, _xlpm.mapType, {"M";"M";"M";"F";"F";"F";"F";"F";"F"}, _xlpm.codeType, _xlfn.XLOOKUP(_xlpm.mid, _xlpm.mapCodes, _xlpm.mapType, ""), _xlpm.motorClass, IF(_xlpm.codeType="M", _xlfn.IFS( _xlpm.mid="AHU", "M-E1", AND(_xlpm.kw>=0.37, _xlpm.kw<=15), "M-A1", AND(_xlpm.kw>=18.5, _xlpm.kw<22), "M-A1", AND(_xlpm.kw>=22, _xlpm.kw<=37), "M-B1", AND(_xlpm.kw>=45, _xlpm.kw<=75), "M-B1", AND(_xlpm.kw>=90, _xlpm.kw<=110), "M-B1", AND(_xlpm.kw>110, _xlpm.kw<132), "M-C1", AND(_xlpm.kw>=132, _xlpm.kw<=200), "M-D1", _xlpm.kw>200, "M-E1", TRUE, "<review>" ), "" ), _xlpm.FeederSel, IF(_xlpm.flc>=_xlpm.I_ACB, _xlpm.tACB, IF(_xlpm.flc>_xlpm.I_MCCB, _xlpm.tMCCB_HI, _xlpm.tMCCB_LO)), IF(_xlpm.codeType="F", _xlpm.FeederSel, IF(_xlpm.codeType="M", IF(_xlpm.motorClass="<review>", "<review>", _xlpm.tM_LV_DOL), "CHECK TAG CODE: "&_xlpm.mid ) ) )} -> 400V DOL Motor Starter Cubicle | G57: {=_xlfn.LET( _xlpm.c, UPPER(TRIM(_81IK61000189[[#This Row],[Starter Type]])), _xlpm.kw, N(_81IK61000189[[#This Row],[RATED POWER]]), _xlpm.flc, N(_81IK61000189[[#This Row],[FULL LOAD CURRENT]]), _xlpm.feederType, IFERROR( _xlfn.IFS( _xlpm.c="M-A1", "M_A1", _xlpm.c="M-B1", "M_B1", _xlpm.c="M-C1", "M_C1", _xlpm.c="M-D1", "M_D1", _xlpm.c="M-E1", "M_E1", _xlpm.c="U", "UPS", _xlpm.c="F", "FEEDER", _xlpm.c="L", "LIGHT", _xlpm.c="H", "HEATER", ISNUMBER(SEARCH("ACB", _xlpm.c)), "ACB", ISNUMBER(SEARCH("I > 160A", _xlpm.c)), "MCCB_HI", ISNUMBER(SEARCH("I < 160A", _xlpm.c)), "MCCB_LO", ISNUMBER(SEARCH("3PH+N+PE", _xlpm.c)), "3PNPE", ISNUMBER(SEARCH("SCR", _xlpm.c)), "SCR", ISNUMBER(SEARCH("VSD", _xlpm.c)), "MCCB_VSD", ISNUMBER(SEARCH("FVNR", _xlpm.c)), "FVNR", TRUE, "OTHER" ), "OTHER" ), _xlpm.LowE, _xlfn.LAMBDA(_xlpm.a, IF(_xlpm.a<=50, "8E", IF(_xlpm.a<=100, "12E", "16E"))), _xlpm.HighE, _xlfn.LAMBDA(_xlpm.a, IF(_xlpm.a<=250, "16E", IF(_xlpm.a<=400, "24E", "36E"))), _xlpm.FeederE, IF(_xlpm.flc<=32, "8E/4", IF(_xlpm.flc<=160, _xlpm.LowE(_xlpm.flc), _xlpm.HighE(_xlpm.flc))), _xlfn.IFS( _xlpm.feederType="ACB", "72E", _xlpm.feederType="MCCB_LO", _xlpm.LowE(_xlpm.flc), _xlpm.feederType="MCCB_HI", _xlpm.HighE(_xlpm.flc), _xlpm.feederType="3PNPE", _xlpm.LowE(_xlpm.flc), _xlpm.feederType="SCR", IF(_xlpm.flc<=63, "8E", IF(_xlpm.flc<=125, "12E", IF(_xlpm.flc<=250, "24E", "36E"))), _xlpm.feederType="MCCB_VSD",_xlpm.HighE(_xlpm.flc), _xlpm.feederType="FVNR", IF(_xlpm.kw<=55, "16E", IF(_xlpm.kw<=90, "24E", "36E")), _xlpm.feederType="M_A1", IF(_xlpm.kw<=15, "8E/4", "8E"), _xlpm.feederType="M_B1", IF(_xlpm.kw<=37, "8E", "12E"), _xlpm.feederType="M_C1", IF(_xlpm.kw<132, "12E", "16E"), _xlpm.feederType="M_D1", "16E", _xlpm.feederType="M_E1", "24E", _xlpm.feederType="UPS", IF(_xlpm.flc<=50, "8E", IF(_xlpm.flc<=100, "12E", IF(_xlpm.flc<=250, "16E", IF(_xlpm.flc<=400, "24E", "36E")))), _xlpm.feederType="FEEDER", _xlpm.FeederE, _xlpm.feederType="LIGHT", _xlpm.FeederE, _xlpm.feederType="HEATER", _xlpm.FeederE, TRUE, "<review>" ) )} -> 8E/4 | N57: H | O57: 400V SCR-Controlled Heater Feeder Cubicle (per Dwg LV8) | P57: 8E | Q57: =COUNTIFS($E$4:$E$18,N57,$F$4:$F$18,O57,$G$4:$G$18,P57) -> 0 | R57: =ROUNDUP(Q57*0.2,0) -> 0
A58: WS-EF-006A | B58: A | C58: 0.4 | D58: 0.54696341 | E58: M-A1 | F58: {=_xlfn.LET( _xlpm.tag, UPPER(TRIM(A58)), _xlpm.kw, N(C58), _xlpm.flc, N(D58), _xlpm.I_MCCB, 160, _xlpm.I_ACB, 630, _xlpm.tACB, "400V Air Circuit Breaker(ACB) Feeder Cubicle (per Dwg LV1)", _xlpm.tMCCB_HI, "400V MCCB Feeder Cubicle (I > 160A, per Dwg LV3)", _xlpm.tMCCB_LO, "400V MCCB Feeder Cubicle (I < 160A, per Dwg LV4)", _xlpm.tM_LV_DOL, "400V DOL Motor Starter Cubicle", _xlpm.parts, _xlfn.TEXTSPLIT(_xlpm.tag,"-"), _xlpm.mid, IF(COUNTA(_xlpm.parts)>=2, INDEX(_xlpm.parts,1,2), ""), _xlpm.mapCodes, {"AHU";"CWP";"EF";"ACWC";"ACCU";"EDH";"WWG";"WWP";"HD"}, _xlpm.mapType, {"M";"M";"M";"F";"F";"F";"F";"F";"F"}, _xlpm.codeType, _xlfn.XLOOKUP(_xlpm.mid, _xlpm.mapCodes, _xlpm.mapType, ""), _xlpm.motorClass, IF(_xlpm.codeType="M", _xlfn.IFS( _xlpm.mid="AHU", "M-E1", AND(_xlpm.kw>=0.37, _xlpm.kw<=15), "M-A1", AND(_xlpm.kw>=18.5, _xlpm.kw<22), "M-A1", AND(_xlpm.kw>=22, _xlpm.kw<=37), "M-B1", AND(_xlpm.kw>=45, _xlpm.kw<=75), "M-B1", AND(_xlpm.kw>=90, _xlpm.kw<=110), "M-B1", AND(_xlpm.kw>110, _xlpm.kw<132), "M-C1", AND(_xlpm.kw>=132, _xlpm.kw<=200), "M-D1", _xlpm.kw>200, "M-E1", TRUE, "<review>" ), "" ), _xlpm.FeederSel, IF(_xlpm.flc>=_xlpm.I_ACB, _xlpm.tACB, IF(_xlpm.flc>_xlpm.I_MCCB, _xlpm.tMCCB_HI, _xlpm.tMCCB_LO)), IF(_xlpm.codeType="F", _xlpm.FeederSel, IF(_xlpm.codeType="M", IF(_xlpm.motorClass="<review>", "<review>", _xlpm.tM_LV_DOL), "CHECK TAG CODE: "&_xlpm.mid ) ) )} -> 400V DOL Motor Starter Cubicle | G58: {=_xlfn.LET( _xlpm.c, UPPER(TRIM(_81IK61000189[[#This Row],[Starter Type]])), _xlpm.kw, N(_81IK61000189[[#This Row],[RATED POWER]]), _xlpm.flc, N(_81IK61000189[[#This Row],[FULL LOAD CURRENT]]), _xlpm.feederType, IFERROR( _xlfn.IFS( _xlpm.c="M-A1", "M_A1", _xlpm.c="M-B1", "M_B1", _xlpm.c="M-C1", "M_C1", _xlpm.c="M-D1", "M_D1", _xlpm.c="M-E1", "M_E1", _xlpm.c="U", "UPS", _xlpm.c="F", "FEEDER", _xlpm.c="L", "LIGHT", _xlpm.c="H", "HEATER", ISNUMBER(SEARCH("ACB", _xlpm.c)), "ACB", ISNUMBER(SEARCH("I > 160A", _xlpm.c)), "MCCB_HI", ISNUMBER(SEARCH("I < 160A", _xlpm.c)), "MCCB_LO", ISNUMBER(SEARCH("3PH+N+PE", _xlpm.c)), "3PNPE", ISNUMBER(SEARCH("SCR", _xlpm.c)), "SCR", ISNUMBER(SEARCH("VSD", _xlpm.c)), "MCCB_VSD", ISNUMBER(SEARCH("FVNR", _xlpm.c)), "FVNR", TRUE, "OTHER" ), "OTHER" ), _xlpm.LowE, _xlfn.LAMBDA(_xlpm.a, IF(_xlpm.a<=50, "8E", IF(_xlpm.a<=100, "12E", "16E"))), _xlpm.HighE, _xlfn.LAMBDA(_xlpm.a, IF(_xlpm.a<=250, "16E", IF(_xlpm.a<=400, "24E", "36E"))), _xlpm.FeederE, IF(_xlpm.flc<=32, "8E/4", IF(_xlpm.flc<=160, _xlpm.LowE(_xlpm.flc), _xlpm.HighE(_xlpm.flc))), _xlfn.IFS( _xlpm.feederType="ACB", "72E", _xlpm.feederType="MCCB_LO", _xlpm.LowE(_xlpm.flc), _xlpm.feederType="MCCB_HI", _xlpm.HighE(_xlpm.flc), _xlpm.feederType="3PNPE", _xlpm.LowE(_xlpm.flc), _xlpm.feederType="SCR", IF(_xlpm.flc<=63, "8E", IF(_xlpm.flc<=125, "12E", IF(_xlpm.flc<=250, "24E", "36E"))), _xlpm.feederType="MCCB_VSD",_xlpm.HighE(_xlpm.flc), _xlpm.feederType="FVNR", IF(_xlpm.kw<=55, "16E", IF(_xlpm.kw<=90, "24E", "36E")), _xlpm.feederType="M_A1", IF(_xlpm.kw<=15, "8E/4", "8E"), _xlpm.feederType="M_B1", IF(_xlpm.kw<=37, "8E", "12E"), _xlpm.feederType="M_C1", IF(_xlpm.kw<132, "12E", "16E"), _xlpm.feederType="M_D1", "16E", _xlpm.feederType="M_E1", "24E", _xlpm.feederType="UPS", IF(_xlpm.flc<=50, "8E", IF(_xlpm.flc<=100, "12E", IF(_xlpm.flc<=250, "16E", IF(_xlpm.flc<=400, "24E", "36E")))), _xlpm.feederType="FEEDER", _xlpm.FeederE, _xlpm.feederType="LIGHT", _xlpm.FeederE, _xlpm.feederType="HEATER", _xlpm.FeederE, TRUE, "<review>" ) )} -> 8E/4
A59: WS-EF-006B | B59: A | C59: 0.4 | D59: 0.54696341 | E59: M-A1 | F59: {=_xlfn.LET( _xlpm.tag, UPPER(TRIM(A59)), _xlpm.kw, N(C59), _xlpm.flc, N(D59), _xlpm.I_MCCB, 160, _xlpm.I_ACB, 630, _xlpm.tACB, "400V Air Circuit Breaker(ACB) Feeder Cubicle (per Dwg LV1)", _xlpm.tMCCB_HI, "400V MCCB Feeder Cubicle (I > 160A, per Dwg LV3)", _xlpm.tMCCB_LO, "400V MCCB Feeder Cubicle (I < 160A, per Dwg LV4)", _xlpm.tM_LV_DOL, "400V DOL Motor Starter Cubicle", _xlpm.parts, _xlfn.TEXTSPLIT(_xlpm.tag,"-"), _xlpm.mid, IF(COUNTA(_xlpm.parts)>=2, INDEX(_xlpm.parts,1,2), ""), _xlpm.mapCodes, {"AHU";"CWP";"EF";"ACWC";"ACCU";"EDH";"WWG";"WWP";"HD"}, _xlpm.mapType, {"M";"M";"M";"F";"F";"F";"F";"F";"F"}, _xlpm.codeType, _xlfn.XLOOKUP(_xlpm.mid, _xlpm.mapCodes, _xlpm.mapType, ""), _xlpm.motorClass, IF(_xlpm.codeType="M", _xlfn.IFS( _xlpm.mid="AHU", "M-E1", AND(_xlpm.kw>=0.37, _xlpm.kw<=15), "M-A1", AND(_xlpm.kw>=18.5, _xlpm.kw<22), "M-A1", AND(_xlpm.kw>=22, _xlpm.kw<=37), "M-B1", AND(_xlpm.kw>=45, _xlpm.kw<=75), "M-B1", AND(_xlpm.kw>=90, _xlpm.kw<=110), "M-B1", AND(_xlpm.kw>110, _xlpm.kw<132), "M-C1", AND(_xlpm.kw>=132, _xlpm.kw<=200), "M-D1", _xlpm.kw>200, "M-E1", TRUE, "<review>" ), "" ), _xlpm.FeederSel, IF(_xlpm.flc>=_xlpm.I_ACB, _xlpm.tACB, IF(_xlpm.flc>_xlpm.I_MCCB, _xlpm.tMCCB_HI, _xlpm.tMCCB_LO)), IF(_xlpm.codeType="F", _xlpm.FeederSel, IF(_xlpm.codeType="M", IF(_xlpm.motorClass="<review>", "<review>", _xlpm.tM_LV_DOL), "CHECK TAG CODE: "&_xlpm.mid ) ) )} -> 400V DOL Motor Starter Cubicle | G59: {=_xlfn.LET( _xlpm.c, UPPER(TRIM(_81IK61000189[[#This Row],[Starter Type]])), _xlpm.kw, N(_81IK61000189[[#This Row],[RATED POWER]]), _xlpm.flc, N(_81IK61000189[[#This Row],[FULL LOAD CURRENT]]), _xlpm.feederType, IFERROR( _xlfn.IFS( _xlpm.c="M-A1", "M_A1", _xlpm.c="M-B1", "M_B1", _xlpm.c="M-C1", "M_C1", _xlpm.c="M-D1", "M_D1", _xlpm.c="M-E1", "M_E1", _xlpm.c="U", "UPS", _xlpm.c="F", "FEEDER", _xlpm.c="L", "LIGHT", _xlpm.c="H", "HEATER", ISNUMBER(SEARCH("ACB", _xlpm.c)), "ACB", ISNUMBER(SEARCH("I > 160A", _xlpm.c)), "MCCB_HI", ISNUMBER(SEARCH("I < 160A", _xlpm.c)), "MCCB_LO", ISNUMBER(SEARCH("3PH+N+PE", _xlpm.c)), "3PNPE", ISNUMBER(SEARCH("SCR", _xlpm.c)), "SCR", ISNUMBER(SEARCH("VSD", _xlpm.c)), "MCCB_VSD", ISNUMBER(SEARCH("FVNR", _xlpm.c)), "FVNR", TRUE, "OTHER" ), "OTHER" ), _xlpm.LowE, _xlfn.LAMBDA(_xlpm.a, IF(_xlpm.a<=50, "8E", IF(_xlpm.a<=100, "12E", "16E"))), _xlpm.HighE, _xlfn.LAMBDA(_xlpm.a, IF(_xlpm.a<=250, "16E", IF(_xlpm.a<=400, "24E", "36E"))), _xlpm.FeederE, IF(_xlpm.flc<=32, "8E/4", IF(_xlpm.flc<=160, _xlpm.LowE(_xlpm.flc), _xlpm.HighE(_xlpm.flc))), _xlfn.IFS( _xlpm.feederType="ACB", "72E", _xlpm.feederType="MCCB_LO", _xlpm.LowE(_xlpm.flc), _xlpm.feederType="MCCB_HI", _xlpm.HighE(_xlpm.flc), _xlpm.feederType="3PNPE", _xlpm.LowE(_xlpm.flc), _xlpm.feederType="SCR", IF(_xlpm.flc<=63, "8E", IF(_xlpm.flc<=125, "12E", IF(_xlpm.flc<=250, "24E", "36E"))), _xlpm.feederType="MCCB_VSD",_xlpm.HighE(_xlpm.flc), _xlpm.feederType="FVNR", IF(_xlpm.kw<=55, "16E", IF(_xlpm.kw<=90, "24E", "36E")), _xlpm.feederType="M_A1", IF(_xlpm.kw<=15, "8E/4", "8E"), _xlpm.feederType="M_B1", IF(_xlpm.kw<=37, "8E", "12E"), _xlpm.feederType="M_C1", IF(_xlpm.kw<132, "12E", "16E"), _xlpm.feederType="M_D1", "16E", _xlpm.feederType="M_E1", "24E", _xlpm.feederType="UPS", IF(_xlpm.flc<=50, "8E", IF(_xlpm.flc<=100, "12E", IF(_xlpm.flc<=250, "16E", IF(_xlpm.flc<=400, "24E", "36E")))), _xlpm.feederType="FEEDER", _xlpm.FeederE, _xlpm.feederType="LIGHT", _xlpm.FeederE, _xlpm.feederType="HEATER", _xlpm.FeederE, TRUE, "<review>" ) )} -> 8E/4
A60: WS-EF-007A | B60: A | C60: 0.4 | D60: 0.54696341 | E60: M-A1 | F60: {=_xlfn.LET( _xlpm.tag, UPPER(TRIM(A60)), _xlpm.kw, N(C60), _xlpm.flc, N(D60), _xlpm.I_MCCB, 160, _xlpm.I_ACB, 630, _xlpm.tACB, "400V Air Circuit Breaker(ACB) Feeder Cubicle (per Dwg LV1)", _xlpm.tMCCB_HI, "400V MCCB Feeder Cubicle (I > 160A, per Dwg LV3)", _xlpm.tMCCB_LO, "400V MCCB Feeder Cubicle (I < 160A, per Dwg LV4)", _xlpm.tM_LV_DOL, "400V DOL Motor Starter Cubicle", _xlpm.parts, _xlfn.TEXTSPLIT(_xlpm.tag,"-"), _xlpm.mid, IF(COUNTA(_xlpm.parts)>=2, INDEX(_xlpm.parts,1,2), ""), _xlpm.mapCodes, {"AHU";"CWP";"EF";"ACWC";"ACCU";"EDH";"WWG";"WWP";"HD"}, _xlpm.mapType, {"M";"M";"M";"F";"F";"F";"F";"F";"F"}, _xlpm.codeType, _xlfn.XLOOKUP(_xlpm.mid, _xlpm.mapCodes, _xlpm.mapType, ""), _xlpm.motorClass, IF(_xlpm.codeType="M", _xlfn.IFS( _xlpm.mid="AHU", "M-E1", AND(_xlpm.kw>=0.37, _xlpm.kw<=15), "M-A1", AND(_xlpm.kw>=18.5, _xlpm.kw<22), "M-A1", AND(_xlpm.kw>=22, _xlpm.kw<=37), "M-B1", AND(_xlpm.kw>=45, _xlpm.kw<=75), "M-B1", AND(_xlpm.kw>=90, _xlpm.kw<=110), "M-B1", AND(_xlpm.kw>110, _xlpm.kw<132), "M-C1", AND(_xlpm.kw>=132, _xlpm.kw<=200), "M-D1", _xlpm.kw>200, "M-E1", TRUE, "<review>" ), "" ), _xlpm.FeederSel, IF(_xlpm.flc>=_xlpm.I_ACB, _xlpm.tACB, IF(_xlpm.flc>_xlpm.I_MCCB, _xlpm.tMCCB_HI, _xlpm.tMCCB_LO)), IF(_xlpm.codeType="F", _xlpm.FeederSel, IF(_xlpm.codeType="M", IF(_xlpm.motorClass="<review>", "<review>", _xlpm.tM_LV_DOL), "CHECK TAG CODE: "&_xlpm.mid ) ) )} -> 400V DOL Motor Starter Cubicle | G60: {=_xlfn.LET( _xlpm.c, UPPER(TRIM(_81IK61000189[[#This Row],[Starter Type]])), _xlpm.kw, N(_81IK61000189[[#This Row],[RATED POWER]]), _xlpm.flc, N(_81IK61000189[[#This Row],[FULL LOAD CURRENT]]), _xlpm.feederType, IFERROR( _xlfn.IFS( _xlpm.c="M-A1", "M_A1", _xlpm.c="M-B1", "M_B1", _xlpm.c="M-C1", "M_C1", _xlpm.c="M-D1", "M_D1", _xlpm.c="M-E1", "M_E1", _xlpm.c="U", "UPS", _xlpm.c="F", "FEEDER", _xlpm.c="L", "LIGHT", _xlpm.c="H", "HEATER", ISNUMBER(SEARCH("ACB", _xlpm.c)), "ACB", ISNUMBER(SEARCH("I > 160A", _xlpm.c)), "MCCB_HI", ISNUMBER(SEARCH("I < 160A", _xlpm.c)), "MCCB_LO", ISNUMBER(SEARCH("3PH+N+PE", _xlpm.c)), "3PNPE", ISNUMBER(SEARCH("SCR", _xlpm.c)), "SCR", ISNUMBER(SEARCH("VSD", _xlpm.c)), "MCCB_VSD", ISNUMBER(SEARCH("FVNR", _xlpm.c)), "FVNR", TRUE, "OTHER" ), "OTHER" ), _xlpm.LowE, _xlfn.LAMBDA(_xlpm.a, IF(_xlpm.a<=50, "8E", IF(_xlpm.a<=100, "12E", "16E"))), _xlpm.HighE, _xlfn.LAMBDA(_xlpm.a, IF(_xlpm.a<=250, "16E", IF(_xlpm.a<=400, "24E", "36E"))), _xlpm.FeederE, IF(_xlpm.flc<=32, "8E/4", IF(_xlpm.flc<=160, _xlpm.LowE(_xlpm.flc), _xlpm.HighE(_xlpm.flc))), _xlfn.IFS( _xlpm.feederType="ACB", "72E", _xlpm.feederType="MCCB_LO", _xlpm.LowE(_xlpm.flc), _xlpm.feederType="MCCB_HI", _xlpm.HighE(_xlpm.flc), _xlpm.feederType="3PNPE", _xlpm.LowE(_xlpm.flc), _xlpm.feederType="SCR", IF(_xlpm.flc<=63, "8E", IF(_xlpm.flc<=125, "12E", IF(_xlpm.flc<=250, "24E", "36E"))), _xlpm.feederType="MCCB_VSD",_xlpm.HighE(_xlpm.flc), _xlpm.feederType="FVNR", IF(_xlpm.kw<=55, "16E", IF(_xlpm.kw<=90, "24E", "36E")), _xlpm.feederType="M_A1", IF(_xlpm.kw<=15, "8E/4", "8E"), _xlpm.feederType="M_B1", IF(_xlpm.kw<=37, "8E", "12E"), _xlpm.feederType="M_C1", IF(_xlpm.kw<132, "12E", "16E"), _xlpm.feederType="M_D1", "16E", _xlpm.feederType="M_E1", "24E", _xlpm.feederType="UPS", IF(_xlpm.flc<=50, "8E", IF(_xlpm.flc<=100, "12E", IF(_xlpm.flc<=250, "16E", IF(_xlpm.flc<=400, "24E", "36E")))), _xlpm.feederType="FEEDER", _xlpm.FeederE, _xlpm.feederType="LIGHT", _xlpm.FeederE, _xlpm.feederType="HEATER", _xlpm.FeederE, TRUE, "<review>" ) )} -> 8E/4
A61: WS-EF-007B | B61: A | C61: 0.4 | D61: 0.54696341 | E61: M-A1 | F61: {=_xlfn.LET( _xlpm.tag, UPPER(TRIM(A61)), _xlpm.kw, N(C61), _xlpm.flc, N(D61), _xlpm.I_MCCB, 160, _xlpm.I_ACB, 630, _xlpm.tACB, "400V Air Circuit Breaker(ACB) Feeder Cubicle (per Dwg LV1)", _xlpm.tMCCB_HI, "400V MCCB Feeder Cubicle (I > 160A, per Dwg LV3)", _xlpm.tMCCB_LO, "400V MCCB Feeder Cubicle (I < 160A, per Dwg LV4)", _xlpm.tM_LV_DOL, "400V DOL Motor Starter Cubicle", _xlpm.parts, _xlfn.TEXTSPLIT(_xlpm.tag,"-"), _xlpm.mid, IF(COUNTA(_xlpm.parts)>=2, INDEX(_xlpm.parts,1,2), ""), _xlpm.mapCodes, {"AHU";"CWP";"EF";"ACWC";"ACCU";"EDH";"WWG";"WWP";"HD"}, _xlpm.mapType, {"M";"M";"M";"F";"F";"F";"F";"F";"F"}, _xlpm.codeType, _xlfn.XLOOKUP(_xlpm.mid, _xlpm.mapCodes, _xlpm.mapType, ""), _xlpm.motorClass, IF(_xlpm.codeType="M", _xlfn.IFS( _xlpm.mid="AHU", "M-E1", AND(_xlpm.kw>=0.37, _xlpm.kw<=15), "M-A1", AND(_xlpm.kw>=18.5, _xlpm.kw<22), "M-A1", AND(_xlpm.kw>=22, _xlpm.kw<=37), "M-B1", AND(_xlpm.kw>=45, _xlpm.kw<=75), "M-B1", AND(_xlpm.kw>=90, _xlpm.kw<=110), "M-B1", AND(_xlpm.kw>110, _xlpm.kw<132), "M-C1", AND(_xlpm.kw>=132, _xlpm.kw<=200), "M-D1", _xlpm.kw>200, "M-E1", TRUE, "<review>" ), "" ), _xlpm.FeederSel, IF(_xlpm.flc>=_xlpm.I_ACB, _xlpm.tACB, IF(_xlpm.flc>_xlpm.I_MCCB, _xlpm.tMCCB_HI, _xlpm.tMCCB_LO)), IF(_xlpm.codeType="F", _xlpm.FeederSel, IF(_xlpm.codeType="M", IF(_xlpm.motorClass="<review>", "<review>", _xlpm.tM_LV_DOL), "CHECK TAG CODE: "&_xlpm.mid ) ) )} -> 400V DOL Motor Starter Cubicle | G61: {=_xlfn.LET( _xlpm.c, UPPER(TRIM(_81IK61000189[[#This Row],[Starter Type]])), _xlpm.kw, N(_81IK61000189[[#This Row],[RATED POWER]]), _xlpm.flc, N(_81IK61000189[[#This Row],[FULL LOAD CURRENT]]), _xlpm.feederType, IFERROR( _xlfn.IFS( _xlpm.c="M-A1", "M_A1", _xlpm.c="M-B1", "M_B1", _xlpm.c="M-C1", "M_C1", _xlpm.c="M-D1", "M_D1", _xlpm.c="M-E1", "M_E1", _xlpm.c="U", "UPS", _xlpm.c="F", "FEEDER", _xlpm.c="L", "LIGHT", _xlpm.c="H", "HEATER", ISNUMBER(SEARCH("ACB", _xlpm.c)), "ACB", ISNUMBER(SEARCH("I > 160A", _xlpm.c)), "MCCB_HI", ISNUMBER(SEARCH("I < 160A", _xlpm.c)), "MCCB_LO", ISNUMBER(SEARCH("3PH+N+PE", _xlpm.c)), "3PNPE", ISNUMBER(SEARCH("SCR", _xlpm.c)), "SCR", ISNUMBER(SEARCH("VSD", _xlpm.c)), "MCCB_VSD", ISNUMBER(SEARCH("FVNR", _xlpm.c)), "FVNR", TRUE, "OTHER" ), "OTHER" ), _xlpm.LowE, _xlfn.LAMBDA(_xlpm.a, IF(_xlpm.a<=50, "8E", IF(_xlpm.a<=100, "12E", "16E"))), _xlpm.HighE, _xlfn.LAMBDA(_xlpm.a, IF(_xlpm.a<=250, "16E", IF(_xlpm.a<=400, "24E", "36E"))), _xlpm.FeederE, IF(_xlpm.flc<=32, "8E/4", IF(_xlpm.flc<=160, _xlpm.LowE(_xlpm.flc), _xlpm.HighE(_xlpm.flc))), _xlfn.IFS( _xlpm.feederType="ACB", "72E", _xlpm.feederType="MCCB_LO", _xlpm.LowE(_xlpm.flc), _xlpm.feederType="MCCB_HI", _xlpm.HighE(_xlpm.flc), _xlpm.feederType="3PNPE", _xlpm.LowE(_xlpm.flc), _xlpm.feederType="SCR", IF(_xlpm.flc<=63, "8E", IF(_xlpm.flc<=125, "12E", IF(_xlpm.flc<=250, "24E", "36E"))), _xlpm.feederType="MCCB_VSD",_xlpm.HighE(_xlpm.flc), _xlpm.feederType="FVNR", IF(_xlpm.kw<=55, "16E", IF(_xlpm.kw<=90, "24E", "36E")), _xlpm.feederType="M_A1", IF(_xlpm.kw<=15, "8E/4", "8E"), _xlpm.feederType="M_B1", IF(_xlpm.kw<=37, "8E", "12E"), _xlpm.feederType="M_C1", IF(_xlpm.kw<132, "12E", "16E"), _xlpm.feederType="M_D1", "16E", _xlpm.feederType="M_E1", "24E", _xlpm.feederType="UPS", IF(_xlpm.flc<=50, "8E", IF(_xlpm.flc<=100, "12E", IF(_xlpm.flc<=250, "16E", IF(_xlpm.flc<=400, "24E", "36E")))), _xlpm.feederType="FEEDER", _xlpm.FeederE, _xlpm.feederType="LIGHT", _xlpm.FeederE, _xlpm.feederType="HEATER", _xlpm.FeederE, TRUE, "<review>" ) )} -> 8E/4
A62: WS-EF-008 | B62: A | C62: 0.4 | D62: 0.54696341 | E62: M-A1 | F62: {=_xlfn.LET( _xlpm.tag, UPPER(TRIM(A62)), _xlpm.kw, N(C62), _xlpm.flc, N(D62), _xlpm.I_MCCB, 160, _xlpm.I_ACB, 630, _xlpm.tACB, "400V Air Circuit Breaker(ACB) Feeder Cubicle (per Dwg LV1)", _xlpm.tMCCB_HI, "400V MCCB Feeder Cubicle (I > 160A, per Dwg LV3)", _xlpm.tMCCB_LO, "400V MCCB Feeder Cubicle (I < 160A, per Dwg LV4)", _xlpm.tM_LV_DOL, "400V DOL Motor Starter Cubicle", _xlpm.parts, _xlfn.TEXTSPLIT(_xlpm.tag,"-"), _xlpm.mid, IF(COUNTA(_xlpm.parts)>=2, INDEX(_xlpm.parts,1,2), ""), _xlpm.mapCodes, {"AHU";"CWP";"EF";"ACWC";"ACCU";"EDH";"WWG";"WWP";"HD"}, _xlpm.mapType, {"M";"M";"M";"F";"F";"F";"F";"F";"F"}, _xlpm.codeType, _xlfn.XLOOKUP(_xlpm.mid, _xlpm.mapCodes, _xlpm.mapType, ""), _xlpm.motorClass, IF(_xlpm.codeType="M", _xlfn.IFS( _xlpm.mid="AHU", "M-E1", AND(_xlpm.kw>=0.37, _xlpm.kw<=15), "M-A1", AND(_xlpm.kw>=18.5, _xlpm.kw<22), "M-A1", AND(_xlpm.kw>=22, _xlpm.kw<=37), "M-B1", AND(_xlpm.kw>=45, _xlpm.kw<=75), "M-B1", AND(_xlpm.kw>=90, _xlpm.kw<=110), "M-B1", AND(_xlpm.kw>110, _xlpm.kw<132), "M-C1", AND(_xlpm.kw>=132, _xlpm.kw<=200), "M-D1", _xlpm.kw>200, "M-E1", TRUE, "<review>" ), "" ), _xlpm.FeederSel, IF(_xlpm.flc>=_xlpm.I_ACB, _xlpm.tACB, IF(_xlpm.flc>_xlpm.I_MCCB, _xlpm.tMCCB_HI, _xlpm.tMCCB_LO)), IF(_xlpm.codeType="F", _xlpm.FeederSel, IF(_xlpm.codeType="M", IF(_xlpm.motorClass="<review>", "<review>", _xlpm.tM_LV_DOL), "CHECK TAG CODE: "&_xlpm.mid ) ) )} -> 400V DOL Motor Starter Cubicle | G62: {=_xlfn.LET( _xlpm.c, UPPER(TRIM(_81IK61000189[[#This Row],[Starter Type]])), _xlpm.kw, N(_81IK61000189[[#This Row],[RATED POWER]]), _xlpm.flc, N(_81IK61000189[[#This Row],[FULL LOAD CURRENT]]), _xlpm.feederType, IFERROR( _xlfn.IFS( _xlpm.c="M-A1", "M_A1", _xlpm.c="M-B1", "M_B1", _xlpm.c="M-C1", "M_C1", _xlpm.c="M-D1", "M_D1", _xlpm.c="M-E1", "M_E1", _xlpm.c="U", "UPS", _xlpm.c="F", "FEEDER", _xlpm.c="L", "LIGHT", _xlpm.c="H", "HEATER", ISNUMBER(SEARCH("ACB", _xlpm.c)), "ACB", ISNUMBER(SEARCH("I > 160A", _xlpm.c)), "MCCB_HI", ISNUMBER(SEARCH("I < 160A", _xlpm.c)), "MCCB_LO", ISNUMBER(SEARCH("3PH+N+PE", _xlpm.c)), "3PNPE", ISNUMBER(SEARCH("SCR", _xlpm.c)), "SCR", ISNUMBER(SEARCH("VSD", _xlpm.c)), "MCCB_VSD", ISNUMBER(SEARCH("FVNR", _xlpm.c)), "FVNR", TRUE, "OTHER" ), "OTHER" ), _xlpm.LowE, _xlfn.LAMBDA(_xlpm.a, IF(_xlpm.a<=50, "8E", IF(_xlpm.a<=100, "12E", "16E"))), _xlpm.HighE, _xlfn.LAMBDA(_xlpm.a, IF(_xlpm.a<=250, "16E", IF(_xlpm.a<=400, "24E", "36E"))), _xlpm.FeederE, IF(_xlpm.flc<=32, "8E/4", IF(_xlpm.flc<=160, _xlpm.LowE(_xlpm.flc), _xlpm.HighE(_xlpm.flc))), _xlfn.IFS( _xlpm.feederType="ACB", "72E", _xlpm.feederType="MCCB_LO", _xlpm.LowE(_xlpm.flc), _xlpm.feederType="MCCB_HI", _xlpm.HighE(_xlpm.flc), _xlpm.feederType="3PNPE", _xlpm.LowE(_xlpm.flc), _xlpm.feederType="SCR", IF(_xlpm.flc<=63, "8E", IF(_xlpm.flc<=125, "12E", IF(_xlpm.flc<=250, "24E", "36E"))), _xlpm.feederType="MCCB_VSD",_xlpm.HighE(_xlpm.flc), _xlpm.feederType="FVNR", IF(_xlpm.kw<=55, "16E", IF(_xlpm.kw<=90, "24E", "36E")), _xlpm.feederType="M_A1", IF(_xlpm.kw<=15, "8E/4", "8E"), _xlpm.feederType="M_B1", IF(_xlpm.kw<=37, "8E", "12E"), _xlpm.feederType="M_C1", IF(_xlpm.kw<132, "12E", "16E"), _xlpm.feederType="M_D1", "16E", _xlpm.feederType="M_E1", "24E", _xlpm.feederType="UPS", IF(_xlpm.flc<=50, "8E", IF(_xlpm.flc<=100, "12E", IF(_xlpm.flc<=250, "16E", IF(_xlpm.flc<=400, "24E", "36E")))), _xlpm.feederType="FEEDER", _xlpm.FeederE, _xlpm.feederType="LIGHT", _xlpm.FeederE, _xlpm.feederType="HEATER", _xlpm.FeederE, TRUE, "<review>" ) )} -> 8E/4
A63: WS-VAV-001 | B63: A | C63: 0.88 | D63: 1.2033195 | E63: F | F63: {=_xlfn.LET( _xlpm.tag, UPPER(TRIM(A63)), _xlpm.kw, N(C63), _xlpm.flc, N(D63), _xlpm.I_MCCB, 160, _xlpm.I_ACB, 630, _xlpm.tACB, "400V Air Circuit Breaker(ACB) Feeder Cubicle (per Dwg LV1)", _xlpm.tMCCB_HI, "400V MCCB Feeder Cubicle (I > 160A, per Dwg LV3)", _xlpm.tMCCB_LO, "400V MCCB Feeder Cubicle (I < 160A, per Dwg LV4)", _xlpm.tM_LV_DOL, "400V DOL Motor Starter Cubicle", _xlpm.parts, _xlfn.TEXTSPLIT(_xlpm.tag,"-"), _xlpm.mid, IF(COUNTA(_xlpm.parts)>=2, INDEX(_xlpm.parts,1,2), ""), _xlpm.mapCodes, {"AHU";"CWP";"EF";"ACWC";"ACCU";"EDH";"WWG";"WWP";"HD"}, _xlpm.mapType, {"M";"M";"M";"F";"F";"F";"F";"F";"F"}, _xlpm.codeType, _xlfn.XLOOKUP(_xlpm.mid, _xlpm.mapCodes, _xlpm.mapType, ""), _xlpm.motorClass, IF(_xlpm.codeType="M", _xlfn.IFS( _xlpm.mid="AHU", "M-E1", AND(_xlpm.kw>=0.37, _xlpm.kw<=15), "M-A1", AND(_xlpm.kw>=18.5, _xlpm.kw<22), "M-A1", AND(_xlpm.kw>=22, _xlpm.kw<=37), "M-B1", AND(_xlpm.kw>=45, _xlpm.kw<=75), "M-B1", AND(_xlpm.kw>=90, _xlpm.kw<=110), "M-B1", AND(_xlpm.kw>110, _xlpm.kw<132), "M-C1", AND(_xlpm.kw>=132, _xlpm.kw<=200), "M-D1", _xlpm.kw>200, "M-E1", TRUE, "<review>" ), "" ), _xlpm.FeederSel, IF(_xlpm.flc>=_xlpm.I_ACB, _xlpm.tACB, IF(_xlpm.flc>_xlpm.I_MCCB, _xlpm.tMCCB_HI, _xlpm.tMCCB_LO)), IF(_xlpm.codeType="F", _xlpm.FeederSel, IF(_xlpm.codeType="M", IF(_xlpm.motorClass="<review>", "<review>", _xlpm.tM_LV_DOL), "CHECK TAG CODE: "&_xlpm.mid ) ) )} -> CHECK TAG CODE: VAV | G63: {=_xlfn.LET( _xlpm.c, UPPER(TRIM(_81IK61000189[[#This Row],[Starter Type]])), _xlpm.kw, N(_81IK61000189[[#This Row],[RATED POWER]]), _xlpm.flc, N(_81IK61000189[[#This Row],[FULL LOAD CURRENT]]), _xlpm.feederType, IFERROR( _xlfn.IFS( _xlpm.c="M-A1", "M_A1", _xlpm.c="M-B1", "M_B1", _xlpm.c="M-C1", "M_C1", _xlpm.c="M-D1", "M_D1", _xlpm.c="M-E1", "M_E1", _xlpm.c="U", "UPS", _xlpm.c="F", "FEEDER", _xlpm.c="L", "LIGHT", _xlpm.c="H", "HEATER", ISNUMBER(SEARCH("ACB", _xlpm.c)), "ACB", ISNUMBER(SEARCH("I > 160A", _xlpm.c)), "MCCB_HI", ISNUMBER(SEARCH("I < 160A", _xlpm.c)), "MCCB_LO", ISNUMBER(SEARCH("3PH+N+PE", _xlpm.c)), "3PNPE", ISNUMBER(SEARCH("SCR", _xlpm.c)), "SCR", ISNUMBER(SEARCH("VSD", _xlpm.c)), "MCCB_VSD", ISNUMBER(SEARCH("FVNR", _xlpm.c)), "FVNR", TRUE, "OTHER" ), "OTHER" ), _xlpm.LowE, _xlfn.LAMBDA(_xlpm.a, IF(_xlpm.a<=50, "8E", IF(_xlpm.a<=100, "12E", "16E"))), _xlpm.HighE, _xlfn.LAMBDA(_xlpm.a, IF(_xlpm.a<=250, "16E", IF(_xlpm.a<=400, "24E", "36E"))), _xlpm.FeederE, IF(_xlpm.flc<=32, "8E/4", IF(_xlpm.flc<=160, _xlpm.LowE(_xlpm.flc), _xlpm.HighE(_xlpm.flc))), _xlfn.IFS( _xlpm.feederType="ACB", "72E", _xlpm.feederType="MCCB_LO", _xlpm.LowE(_xlpm.flc), _xlpm.feederType="MCCB_HI", _xlpm.HighE(_xlpm.flc), _xlpm.feederType="3PNPE", _xlpm.LowE(_xlpm.flc), _xlpm.feederType="SCR", IF(_xlpm.flc<=63, "8E", IF(_xlpm.flc<=125, "12E", IF(_xlpm.flc<=250, "24E", "36E"))), _xlpm.feederType="MCCB_VSD",_xlpm.HighE(_xlpm.flc), _xlpm.feederType="FVNR", IF(_xlpm.kw<=55, "16E", IF(_xlpm.kw<=90, "24E", "36E")), _xlpm.feederType="M_A1", IF(_xlpm.kw<=15, "8E/4", "8E"), _xlpm.feederType="M_B1", IF(_xlpm.kw<=37, "8E", "12E"), _xlpm.feederType="M_C1", IF(_xlpm.kw<132, "12E", "16E"), _xlpm.feederType="M_D1", "16E", _xlpm.feederType="M_E1", "24E", _xlpm.feederType="UPS", IF(_xlpm.flc<=50, "8E", IF(_xlpm.flc<=100, "12E", IF(_xlpm.flc<=250, "16E", IF(_xlpm.flc<=400, "24E", "36E")))), _xlpm.feederType="FEEDER", _xlpm.FeederE, _xlpm.feederType="LIGHT", _xlpm.FeederE, _xlpm.feederType="HEATER", _xlpm.FeederE, TRUE, "<review>" ) )} -> 8E/4
A64: WS-VAV-002 | B64: A | C64: 1.65 | D64: 2.2562241 | E64: F | F64: {=_xlfn.LET( _xlpm.tag, UPPER(TRIM(A64)), _xlpm.kw, N(C64), _xlpm.flc, N(D64), _xlpm.I_MCCB, 160, _xlpm.I_ACB, 630, _xlpm.tACB, "400V Air Circuit Breaker(ACB) Feeder Cubicle (per Dwg LV1)", _xlpm.tMCCB_HI, "400V MCCB Feeder Cubicle (I > 160A, per Dwg LV3)", _xlpm.tMCCB_LO, "400V MCCB Feeder Cubicle (I < 160A, per Dwg LV4)", _xlpm.tM_LV_DOL, "400V DOL Motor Starter Cubicle", _xlpm.parts, _xlfn.TEXTSPLIT(_xlpm.tag,"-"), _xlpm.mid, IF(COUNTA(_xlpm.parts)>=2, INDEX(_xlpm.parts,1,2), ""), _xlpm.mapCodes, {"AHU";"CWP";"EF";"ACWC";"ACCU";"EDH";"WWG";"WWP";"HD"}, _xlpm.mapType, {"M";"M";"M";"F";"F";"F";"F";"F";"F"}, _xlpm.codeType, _xlfn.XLOOKUP(_xlpm.mid, _xlpm.mapCodes, _xlpm.mapType, ""), _xlpm.motorClass, IF(_xlpm.codeType="M", _xlfn.IFS( _xlpm.mid="AHU", "M-E1", AND(_xlpm.kw>=0.37, _xlpm.kw<=15), "M-A1", AND(_xlpm.kw>=18.5, _xlpm.kw<22), "M-A1", AND(_xlpm.kw>=22, _xlpm.kw<=37), "M-B1", AND(_xlpm.kw>=45, _xlpm.kw<=75), "M-B1", AND(_xlpm.kw>=90, _xlpm.kw<=110), "M-B1", AND(_xlpm.kw>110, _xlpm.kw<132), "M-C1", AND(_xlpm.kw>=132, _xlpm.kw<=200), "M-D1", _xlpm.kw>200, "M-E1", TRUE, "<review>" ), "" ), _xlpm.FeederSel, IF(_xlpm.flc>=_xlpm.I_ACB, _xlpm.tACB, IF(_xlpm.flc>_xlpm.I_MCCB, _xlpm.tMCCB_HI, _xlpm.tMCCB_LO)), IF(_xlpm.codeType="F", _xlpm.FeederSel, IF(_xlpm.codeType="M", IF(_xlpm.motorClass="<review>", "<review>", _xlpm.tM_LV_DOL), "CHECK TAG CODE: "&_xlpm.mid ) ) )} -> CHECK TAG CODE: VAV | G64: {=_xlfn.LET( _xlpm.c, UPPER(TRIM(_81IK61000189[[#This Row],[Starter Type]])), _xlpm.kw, N(_81IK61000189[[#This Row],[RATED POWER]]), _xlpm.flc, N(_81IK61000189[[#This Row],[FULL LOAD CURRENT]]), _xlpm.feederType, IFERROR( _xlfn.IFS( _xlpm.c="M-A1", "M_A1", _xlpm.c="M-B1", "M_B1", _xlpm.c="M-C1", "M_C1", _xlpm.c="M-D1", "M_D1", _xlpm.c="M-E1", "M_E1", _xlpm.c="U", "UPS", _xlpm.c="F", "FEEDER", _xlpm.c="L", "LIGHT", _xlpm.c="H", "HEATER", ISNUMBER(SEARCH("ACB", _xlpm.c)), "ACB", ISNUMBER(SEARCH("I > 160A", _xlpm.c)), "MCCB_HI", ISNUMBER(SEARCH("I < 160A", _xlpm.c)), "MCCB_LO", ISNUMBER(SEARCH("3PH+N+PE", _xlpm.c)), "3PNPE", ISNUMBER(SEARCH("SCR", _xlpm.c)), "SCR", ISNUMBER(SEARCH("VSD", _xlpm.c)), "MCCB_VSD", ISNUMBER(SEARCH("FVNR", _xlpm.c)), "FVNR", TRUE, "OTHER" ), "OTHER" ), _xlpm.LowE, _xlfn.LAMBDA(_xlpm.a, IF(_xlpm.a<=50, "8E", IF(_xlpm.a<=100, "12E", "16E"))), _xlpm.HighE, _xlfn.LAMBDA(_xlpm.a, IF(_xlpm.a<=250, "16E", IF(_xlpm.a<=400, "24E", "36E"))), _xlpm.FeederE, IF(_xlpm.flc<=32, "8E/4", IF(_xlpm.flc<=160, _xlpm.LowE(_xlpm.flc), _xlpm.HighE(_xlpm.flc))), _xlfn.IFS( _xlpm.feederType="ACB", "72E", _xlpm.feederType="MCCB_LO", _xlpm.LowE(_xlpm.flc), _xlpm.feederType="MCCB_HI", _xlpm.HighE(_xlpm.flc), _xlpm.feederType="3PNPE", _xlpm.LowE(_xlpm.flc), _xlpm.feederType="SCR", IF(_xlpm.flc<=63, "8E", IF(_xlpm.flc<=125, "12E", IF(_xlpm.flc<=250, "24E", "36E"))), _xlpm.feederType="MCCB_VSD",_xlpm.HighE(_xlpm.flc), _xlpm.feederType="FVNR", IF(_xlpm.kw<=55, "16E", IF(_xlpm.kw<=90, "24E", "36E")), _xlpm.feederType="M_A1", IF(_xlpm.kw<=15, "8E/4", "8E"), _xlpm.feederType="M_B1", IF(_xlpm.kw<=37, "8E", "12E"), _xlpm.feederType="M_C1", IF(_xlpm.kw<132, "12E", "16E"), _xlpm.feederType="M_D1", "16E", _xlpm.feederType="M_E1", "24E", _xlpm.feederType="UPS", IF(_xlpm.flc<=50, "8E", IF(_xlpm.flc<=100, "12E", IF(_xlpm.flc<=250, "16E", IF(_xlpm.flc<=400, "24E", "36E")))), _xlpm.feederType="FEEDER", _xlpm.FeederE, _xlpm.feederType="LIGHT", _xlpm.FeederE, _xlpm.feederType="HEATER", _xlpm.FeederE, TRUE, "<review>" ) )} -> 8E/4
A65: WS-VAV-003 | B65: A | C65: 1.32 | D65: 1.8049793 | E65: F | F65: {=_xlfn.LET( _xlpm.tag, UPPER(TRIM(A65)), _xlpm.kw, N(C65), _xlpm.flc, N(D65), _xlpm.I_MCCB, 160, _xlpm.I_ACB, 630, _xlpm.tACB, "400V Air Circuit Breaker(ACB) Feeder Cubicle (per Dwg LV1)", _xlpm.tMCCB_HI, "400V MCCB Feeder Cubicle (I > 160A, per Dwg LV3)", _xlpm.tMCCB_LO, "400V MCCB Feeder Cubicle (I < 160A, per Dwg LV4)", _xlpm.tM_LV_DOL, "400V DOL Motor Starter Cubicle", _xlpm.parts, _xlfn.TEXTSPLIT(_xlpm.tag,"-"), _xlpm.mid, IF(COUNTA(_xlpm.parts)>=2, INDEX(_xlpm.parts,1,2), ""), _xlpm.mapCodes, {"AHU";"CWP";"EF";"ACWC";"ACCU";"EDH";"WWG";"WWP";"HD"}, _xlpm.mapType, {"M";"M";"M";"F";"F";"F";"F";"F";"F"}, _xlpm.codeType, _xlfn.XLOOKUP(_xlpm.mid, _xlpm.mapCodes, _xlpm.mapType, ""), _xlpm.motorClass, IF(_xlpm.codeType="M", _xlfn.IFS( _xlpm.mid="AHU", "M-E1", AND(_xlpm.kw>=0.37, _xlpm.kw<=15), "M-A1", AND(_xlpm.kw>=18.5, _xlpm.kw<22), "M-A1", AND(_xlpm.kw>=22, _xlpm.kw<=37), "M-B1", AND(_xlpm.kw>=45, _xlpm.kw<=75), "M-B1", AND(_xlpm.kw>=90, _xlpm.kw<=110), "M-B1", AND(_xlpm.kw>110, _xlpm.kw<132), "M-C1", AND(_xlpm.kw>=132, _xlpm.kw<=200), "M-D1", _xlpm.kw>200, "M-E1", TRUE, "<review>" ), "" ), _xlpm.FeederSel, IF(_xlpm.flc>=_xlpm.I_ACB, _xlpm.tACB, IF(_xlpm.flc>_xlpm.I_MCCB, _xlpm.tMCCB_HI, _xlpm.tMCCB_LO)), IF(_xlpm.codeType="F", _xlpm.FeederSel, IF(_xlpm.codeType="M", IF(_xlpm.motorClass="<review>", "<review>", _xlpm.tM_LV_DOL), "CHECK TAG CODE: "&_xlpm.mid ) ) )} -> CHECK TAG CODE: VAV | G65: {=_xlfn.LET( _xlpm.c, UPPER(TRIM(_81IK61000189[[#This Row],[Starter Type]])), _xlpm.kw, N(_81IK61000189[[#This Row],[RATED POWER]]), _xlpm.flc, N(_81IK61000189[[#This Row],[FULL LOAD CURRENT]]), _xlpm.feederType, IFERROR( _xlfn.IFS( _xlpm.c="M-A1", "M_A1", _xlpm.c="M-B1", "M_B1", _xlpm.c="M-C1", "M_C1", _xlpm.c="M-D1", "M_D1", _xlpm.c="M-E1", "M_E1", _xlpm.c="U", "UPS", _xlpm.c="F", "FEEDER", _xlpm.c="L", "LIGHT", _xlpm.c="H", "HEATER", ISNUMBER(SEARCH("ACB", _xlpm.c)), "ACB", ISNUMBER(SEARCH("I > 160A", _xlpm.c)), "MCCB_HI", ISNUMBER(SEARCH("I < 160A", _xlpm.c)), "MCCB_LO", ISNUMBER(SEARCH("3PH+N+PE", _xlpm.c)), "3PNPE", ISNUMBER(SEARCH("SCR", _xlpm.c)), "SCR", ISNUMBER(SEARCH("VSD", _xlpm.c)), "MCCB_VSD", ISNUMBER(SEARCH("FVNR", _xlpm.c)), "FVNR", TRUE, "OTHER" ), "OTHER" ), _xlpm.LowE, _xlfn.LAMBDA(_xlpm.a, IF(_xlpm.a<=50, "8E", IF(_xlpm.a<=100, "12E", "16E"))), _xlpm.HighE, _xlfn.LAMBDA(_xlpm.a, IF(_xlpm.a<=250, "16E", IF(_xlpm.a<=400, "24E", "36E"))), _xlpm.FeederE, IF(_xlpm.flc<=32, "8E/4", IF(_xlpm.flc<=160, _xlpm.LowE(_xlpm.flc), _xlpm.HighE(_xlpm.flc))), _xlfn.IFS( _xlpm.feederType="ACB", "72E", _xlpm.feederType="MCCB_LO", _xlpm.LowE(_xlpm.flc), _xlpm.feederType="MCCB_HI", _xlpm.HighE(_xlpm.flc), _xlpm.feederType="3PNPE", _xlpm.LowE(_xlpm.flc), _xlpm.feederType="SCR", IF(_xlpm.flc<=63, "8E", IF(_xlpm.flc<=125, "12E", IF(_xlpm.flc<=250, "24E", "36E"))), _xlpm.feederType="MCCB_VSD",_xlpm.HighE(_xlpm.flc), _xlpm.feederType="FVNR", IF(_xlpm.kw<=55, "16E", IF(_xlpm.kw<=90, "24E", "36E")), _xlpm.feederType="M_A1", IF(_xlpm.kw<=15, "8E/4", "8E"), _xlpm.feederType="M_B1", IF(_xlpm.kw<=37, "8E", "12E"), _xlpm.feederType="M_C1", IF(_xlpm.kw<132, "12E", "16E"), _xlpm.feederType="M_D1", "16E", _xlpm.feederType="M_E1", "24E", _xlpm.feederType="UPS", IF(_xlpm.flc<=50, "8E", IF(_xlpm.flc<=100, "12E", IF(_xlpm.flc<=250, "16E", IF(_xlpm.flc<=400, "24E", "36E")))), _xlpm.feederType="FEEDER", _xlpm.FeederE, _xlpm.feederType="LIGHT", _xlpm.FeederE, _xlpm.feederType="HEATER", _xlpm.FeederE, TRUE, "<review>" ) )} -> 8E/4
A66: WS-VAV-004 | B66: A | C66: 2.09 | D66: 2.8578838 | E66: F | F66: =_xlfn.LET( _xlpm.tag, A66, _xlpm.p, N(C66), _xlpm.i, N(D66), _xlpm.st, UPPER(TRIM(E66)), _xlpm.I_MCCB, 160, _xlpm.I_ACB, 630, _xlpm.tACB, "400V Air Circuit Breaker(ACB) Feeder Cubicle (per Dwg LV1)", _xlpm.tMCCB_HI, "400V MCCB Feeder Cubicle (I > 160A, per Dwg LV3)", _xlpm.tMCCB_LO, "400V MCCB Feeder Cubicle (I < 160A, per Dwg LV4)", _xlpm.tLP, "400V 3Ph+N+PE Feeder Cubicle (per Dwg LV5)", _xlpm.tHEAT, "400V SCR-Controlled Heater Feeder Cubicle (per Dwg LV8)", _xlpm.tVSD, "400V MCCB Feeder for VSD Cubicle (per Dwg LV9)", _xlpm.tFVNR_HI, "400V FVNR Motor Starter Cubicle (55kW < P < 200kW, per Dwg LV10)", _xlpm.tFVNR_LO, "400V FVNR Motor Starter Cubicle (P <= 55kW, per Dwg LV11)", _xlpm.tM_HV, "HV DOL Motor Starter Cubicle", _xlpm.tM_LV_DOL, "400V DOL Motor Starter Cubicle", _xlpm.tUPS, "400V UPS Feeder Cubicle", _xlpm.isM_HV, _xlpm.st="M-HV", _xlpm.isM_LV, OR(_xlpm.st="M-A1", _xlpm.st="M-B1", _xlpm.st="M-C1", _xlpm.st="M-D1", _xlpm.st="M-E1"), _xlpm.isVSD_HV, _xlpm.st="VSD-HV", _xlpm.isVSD_LV, OR(_xlpm.st="VSD-G1", _xlpm.st="VSD-G2"), _xlpm.isCB, OR(_xlpm.st="F", _xlpm.st="P"), _xlpm.isL, _xlpm.st="L", _xlpm.isU, _xlpm.st="U", _xlpm.isH, _xlpm.st="H", _xlpm.isVU, OR(_xlpm.st="VU", ISNUMBER(SEARCH("VSD", _xlpm.st)), ISNUMBER(SEARCH("INVERTER", _xlpm.st))), _xlpm.isHRS, OR(_xlpm.st="HRS", ISNUMBER(SEARCH("SCR", _xlpm.st))), _xlpm.isHC, OR(_xlpm.st="HC", ISNUMBER(SEARCH("THERMO", _xlpm.st)), ISNUMBER(SEARCH("CONTACTOR", _xlpm.st))), _xlpm.isF, OR(_xlpm.st="F", ISNUMBER(SEARCH("FEEDER", _xlpm.st))), _xlpm.isFVNR, ISNUMBER(SEARCH("FVNR", _xlpm.st)), _xlpm.isFVR, OR(_xlpm.st="FVR", ISNUMBER(SEARCH("FORWARD/REVERSE", _xlpm.st))), _xlpm.isDS, OR(_xlpm.st="DS", ISNUMBER(SEARCH("DOUBLE", _xlpm.st))), _xlpm.isST, OR(_xlpm.st="ST", ISNUMBER(SEARCH("STAR", _xlpm.st)), ISNUMBER(SEARCH("TRIANGLE", _xlpm.st))), _xlpm.isSS, OR(_xlpm.st="SS", ISNUMBER(SEARCH("SOFT", _xlpm.st))), _xlpm.isA, OR(_xlpm.st="A", ISNUMBER(SEARCH("AUTOTRANSFORMER", _xlpm.st))), _xlpm.isMotorCode, OR(_xlpm.isFVNR, _xlpm.isFVR, _xlpm.isDS, _xlpm.isST, _xlpm.isSS, _xlpm.isA, _xlpm.isVU), _xlpm.isLightLP, OR(ISNUMBER(SEARCH("LIGHT", _xlpm.tag)), ISNUMBER(SEARCH("OUTLET", _xlpm.tag)), ISNUMBER(SEARCH("-LP", _xlpm.tag))), _xlpm.isHeaterTag, OR(ISNUMBER(SEARCH("-H-", _xlpm.tag)), ISNUMBER(SEARCH("HEATER", _xlpm.tag))), _xlpm.isHVAC, ISNUMBER(SEARCH("HVAC", _xlpm.tag)), _xlpm.isHoistCrane, OR(ISNUMBER(SEARCH("HOIST", _xlpm.tag)), ISNUMBER(SEARCH("CRANE", _xlpm.tag))), _xlpm.isMotorTag, OR(ISNUMBER(SEARCH("-MA-", _xlpm.tag)), ISNUMBER(SEARCH("-MK-", _xlpm.tag)), ISNUMBER(SEARCH("-MP-", _xlpm.tag)), ISNUMBER(SEARCH("-GT-", _xlpm.tag))), IF(_xlpm.isM_HV, _xlpm.tM_HV, IF(_xlpm.isM_LV, _xlpm.tM_LV_DOL, IF(OR(_xlpm.isVSD_HV, _xlpm.isVSD_LV, _xlpm.isVU), _xlpm.tVSD, IF(_xlpm.isL, _xlpm.tLP, IF(_xlpm.isU, _xlpm.tUPS, IF(OR(_xlpm.isH, _xlpm.isHRS, _xlpm.isHC, _xlpm.isHeaterTag), _xlpm.tHEAT, IF(OR(_xlpm.isCB, _xlpm.isF), IF(_xlpm.i >= _xlpm.I_ACB, _xlpm.tACB, IF(_xlpm.i > _xlpm.I_MCCB, _xlpm.tMCCB_HI, _xlpm.tMCCB_LO)), IF(_xlpm.isMotorCode, IF(_xlpm.p <= 55, _xlpm.tFVNR_LO, IF(_xlpm.p < 200, _xlpm.tFVNR_HI, IF(_xlpm.i >= _xlpm.I_ACB, _xlpm.tACB, _xlpm.tMCCB_HI))), IF(_xlpm.isLightLP, _xlpm.tLP, IF(_xlpm.isHVAC, IF(_xlpm.i >= _xlpm.I_ACB, _xlpm.tACB, _xlpm.tMCCB_HI), IF(_xlpm.isHoistCrane, _xlpm.tMCCB_LO, IF(_xlpm.isMotorTag, IF(_xlpm.p <= 55, _xlpm.tFVNR_LO, IF(_xlpm.p < 200, _xlpm.tFVNR_HI, IF(_xlpm.i >= _xlpm.I_ACB, _xlpm.tACB, _xlpm.tMCCB_HI))), IF(_xlpm.i >= _xlpm.I_ACB, _xlpm.tACB, IF(_xlpm.i > _xlpm.I_MCCB, _xlpm.tMCCB_HI, _xlpm.tMCCB_LO)) ) ) ) ) ) ) ) ) ) ) ) ) ) -> 400V MCCB Feeder Cubicle (I < 160A, per Dwg LV4) | G66: {=_xlfn.LET( _xlpm.c, UPPER(TRIM(_81IK61000189[[#This Row],[Starter Type]])), _xlpm.kw, N(_81IK61000189[[#This Row],[RATED POWER]]), _xlpm.flc, N(_81IK61000189[[#This Row],[FULL LOAD CURRENT]]), _xlpm.feederType, IFERROR( _xlfn.IFS( _xlpm.c="M-A1", "M_A1", _xlpm.c="M-B1", "M_B1", _xlpm.c="M-C1", "M_C1", _xlpm.c="M-D1", "M_D1", _xlpm.c="M-E1", "M_E1", _xlpm.c="U", "UPS", _xlpm.c="F", "FEEDER", _xlpm.c="L", "LIGHT", _xlpm.c="H", "HEATER", ISNUMBER(SEARCH("ACB", _xlpm.c)), "ACB", ISNUMBER(SEARCH("I > 160A", _xlpm.c)), "MCCB_HI", ISNUMBER(SEARCH("I < 160A", _xlpm.c)), "MCCB_LO", ISNUMBER(SEARCH("3PH+N+PE", _xlpm.c)), "3PNPE", ISNUMBER(SEARCH("SCR", _xlpm.c)), "SCR", ISNUMBER(SEARCH("VSD", _xlpm.c)), "MCCB_VSD", ISNUMBER(SEARCH("FVNR", _xlpm.c)), "FVNR", TRUE, "OTHER" ), "OTHER" ), _xlpm.LowE, _xlfn.LAMBDA(_xlpm.a, IF(_xlpm.a<=50, "8E", IF(_xlpm.a<=100, "12E", "16E"))), _xlpm.HighE, _xlfn.LAMBDA(_xlpm.a, IF(_xlpm.a<=250, "16E", IF(_xlpm.a<=400, "24E", "36E"))), _xlpm.FeederE, IF(_xlpm.flc<=32, "8E/4", IF(_xlpm.flc<=160, _xlpm.LowE(_xlpm.flc), _xlpm.HighE(_xlpm.flc))), _xlfn.IFS( _xlpm.feederType="ACB", "72E", _xlpm.feederType="MCCB_LO", _xlpm.LowE(_xlpm.flc), _xlpm.feederType="MCCB_HI", _xlpm.HighE(_xlpm.flc), _xlpm.feederType="3PNPE", _xlpm.LowE(_xlpm.flc), _xlpm.feederType="SCR", IF(_xlpm.flc<=63, "8E", IF(_xlpm.flc<=125, "12E", IF(_xlpm.flc<=250, "24E", "36E"))), _xlpm.feederType="MCCB_VSD",_xlpm.HighE(_xlpm.flc), _xlpm.feederType="FVNR", IF(_xlpm.kw<=55, "16E", IF(_xlpm.kw<=90, "24E", "36E")), _xlpm.feederType="M_A1", IF(_xlpm.kw<=15, "8E/4", "8E"), _xlpm.feederType="M_B1", IF(_xlpm.kw<=37, "8E", "12E"), _xlpm.feederType="M_C1", IF(_xlpm.kw<132, "12E", "16E"), _xlpm.feederType="M_D1", "16E", _xlpm.feederType="M_E1", "24E", _xlpm.feederType="UPS", IF(_xlpm.flc<=50, "8E", IF(_xlpm.flc<=100, "12E", IF(_xlpm.flc<=250, "16E", IF(_xlpm.flc<=400, "24E", "36E")))), _xlpm.feederType="FEEDER", _xlpm.FeederE, _xlpm.feederType="LIGHT", _xlpm.FeederE, _xlpm.feederType="HEATER", _xlpm.FeederE, TRUE, "<review>" ) )} -> 8E/4
A67: WS-VAV-005 | B67: A | C67: 1.87 | D67: 2.557054 | E67: F | F67: =_xlfn.LET( _xlpm.tag, A67, _xlpm.p, N(C67), _xlpm.i, N(D67), _xlpm.st, UPPER(TRIM(E67)), _xlpm.I_MCCB, 160, _xlpm.I_ACB, 630, _xlpm.tACB, "400V Air Circuit Breaker(ACB) Feeder Cubicle (per Dwg LV1)", _xlpm.tMCCB_HI, "400V MCCB Feeder Cubicle (I > 160A, per Dwg LV3)", _xlpm.tMCCB_LO, "400V MCCB Feeder Cubicle (I < 160A, per Dwg LV4)", _xlpm.tLP, "400V 3Ph+N+PE Feeder Cubicle (per Dwg LV5)", _xlpm.tHEAT, "400V SCR-Controlled Heater Feeder Cubicle (per Dwg LV8)", _xlpm.tVSD, "400V MCCB Feeder for VSD Cubicle (per Dwg LV9)", _xlpm.tFVNR_HI, "400V FVNR Motor Starter Cubicle (55kW < P < 200kW, per Dwg LV10)", _xlpm.tFVNR_LO, "400V FVNR Motor Starter Cubicle (P <= 55kW, per Dwg LV11)", _xlpm.tM_HV, "HV DOL Motor Starter Cubicle", _xlpm.tM_LV_DOL, "400V DOL Motor Starter Cubicle", _xlpm.tUPS, "400V UPS Feeder Cubicle", _xlpm.isM_HV, _xlpm.st="M-HV", _xlpm.isM_LV, OR(_xlpm.st="M-A1", _xlpm.st="M-B1", _xlpm.st="M-C1", _xlpm.st="M-D1", _xlpm.st="M-E1"), _xlpm.isVSD_HV, _xlpm.st="VSD-HV", _xlpm.isVSD_LV, OR(_xlpm.st="VSD-G1", _xlpm.st="VSD-G2"), _xlpm.isCB, OR(_xlpm.st="F", _xlpm.st="P"), _xlpm.isL, _xlpm.st="L", _xlpm.isU, _xlpm.st="U", _xlpm.isH, _xlpm.st="H", _xlpm.isVU, OR(_xlpm.st="VU", ISNUMBER(SEARCH("VSD", _xlpm.st)), ISNUMBER(SEARCH("INVERTER", _xlpm.st))), _xlpm.isHRS, OR(_xlpm.st="HRS", ISNUMBER(SEARCH("SCR", _xlpm.st))), _xlpm.isHC, OR(_xlpm.st="HC", ISNUMBER(SEARCH("THERMO", _xlpm.st)), ISNUMBER(SEARCH("CONTACTOR", _xlpm.st))), _xlpm.isF, OR(_xlpm.st="F", ISNUMBER(SEARCH("FEEDER", _xlpm.st))), _xlpm.isFVNR, ISNUMBER(SEARCH("FVNR", _xlpm.st)), _xlpm.isFVR, OR(_xlpm.st="FVR", ISNUMBER(SEARCH("FORWARD/REVERSE", _xlpm.st))), _xlpm.isDS, OR(_xlpm.st="DS", ISNUMBER(SEARCH("DOUBLE", _xlpm.st))), _xlpm.isST, OR(_xlpm.st="ST", ISNUMBER(SEARCH("STAR", _xlpm.st)), ISNUMBER(SEARCH("TRIANGLE", _xlpm.st))), _xlpm.isSS, OR(_xlpm.st="SS", ISNUMBER(SEARCH("SOFT", _xlpm.st))), _xlpm.isA, OR(_xlpm.st="A", ISNUMBER(SEARCH("AUTOTRANSFORMER", _xlpm.st))), _xlpm.isMotorCode, OR(_xlpm.isFVNR, _xlpm.isFVR, _xlpm.isDS, _xlpm.isST, _xlpm.isSS, _xlpm.isA, _xlpm.isVU), _xlpm.isLightLP, OR(ISNUMBER(SEARCH("LIGHT", _xlpm.tag)), ISNUMBER(SEARCH("OUTLET", _xlpm.tag)), ISNUMBER(SEARCH("-LP", _xlpm.tag))), _xlpm.isHeaterTag, OR(ISNUMBER(SEARCH("-H-", _xlpm.tag)), ISNUMBER(SEARCH("HEATER", _xlpm.tag))), _xlpm.isHVAC, ISNUMBER(SEARCH("HVAC", _xlpm.tag)), _xlpm.isHoistCrane, OR(ISNUMBER(SEARCH("HOIST", _xlpm.tag)), ISNUMBER(SEARCH("CRANE", _xlpm.tag))), _xlpm.isMotorTag, OR(ISNUMBER(SEARCH("-MA-", _xlpm.tag)), ISNUMBER(SEARCH("-MK-", _xlpm.tag)), ISNUMBER(SEARCH("-MP-", _xlpm.tag)), ISNUMBER(SEARCH("-GT-", _xlpm.tag))), IF(_xlpm.isM_HV, _xlpm.tM_HV, IF(_xlpm.isM_LV, _xlpm.tM_LV_DOL, IF(OR(_xlpm.isVSD_HV, _xlpm.isVSD_LV, _xlpm.isVU), _xlpm.tVSD, IF(_xlpm.isL, _xlpm.tLP, IF(_xlpm.isU, _xlpm.tUPS, IF(OR(_xlpm.isH, _xlpm.isHRS, _xlpm.isHC, _xlpm.isHeaterTag), _xlpm.tHEAT, IF(OR(_xlpm.isCB, _xlpm.isF), IF(_xlpm.i >= _xlpm.I_ACB, _xlpm.tACB, IF(_xlpm.i > _xlpm.I_MCCB, _xlpm.tMCCB_HI, _xlpm.tMCCB_LO)), IF(_xlpm.isMotorCode, IF(_xlpm.p <= 55, _xlpm.tFVNR_LO, IF(_xlpm.p < 200, _xlpm.tFVNR_HI, IF(_xlpm.i >= _xlpm.I_ACB, _xlpm.tACB, _xlpm.tMCCB_HI))), IF(_xlpm.isLightLP, _xlpm.tLP, IF(_xlpm.isHVAC, IF(_xlpm.i >= _xlpm.I_ACB, _xlpm.tACB, _xlpm.tMCCB_HI), IF(_xlpm.isHoistCrane, _xlpm.tMCCB_LO, IF(_xlpm.isMotorTag, IF(_xlpm.p <= 55, _xlpm.tFVNR_LO, IF(_xlpm.p < 200, _xlpm.tFVNR_HI, IF(_xlpm.i >= _xlpm.I_ACB, _xlpm.tACB, _xlpm.tMCCB_HI))), IF(_xlpm.i >= _xlpm.I_ACB, _xlpm.tACB, IF(_xlpm.i > _xlpm.I_MCCB, _xlpm.tMCCB_HI, _xlpm.tMCCB_LO)) ) ) ) ) ) ) ) ) ) ) ) ) ) -> 400V MCCB Feeder Cubicle (I < 160A, per Dwg LV4) | G67: {=_xlfn.LET( _xlpm.c, UPPER(TRIM(_81IK61000189[[#This Row],[Starter Type]])), _xlpm.kw, N(_81IK61000189[[#This Row],[RATED POWER]]), _xlpm.flc, N(_81IK61000189[[#This Row],[FULL LOAD CURRENT]]), _xlpm.feederType, IFERROR( _xlfn.IFS( _xlpm.c="M-A1", "M_A1", _xlpm.c="M-B1", "M_B1", _xlpm.c="M-C1", "M_C1", _xlpm.c="M-D1", "M_D1", _xlpm.c="M-E1", "M_E1", _xlpm.c="U", "UPS", _xlpm.c="F", "FEEDER", _xlpm.c="L", "LIGHT", _xlpm.c="H", "HEATER", ISNUMBER(SEARCH("ACB", _xlpm.c)), "ACB", ISNUMBER(SEARCH("I > 160A", _xlpm.c)), "MCCB_HI", ISNUMBER(SEARCH("I < 160A", _xlpm.c)), "MCCB_LO", ISNUMBER(SEARCH("3PH+N+PE", _xlpm.c)), "3PNPE", ISNUMBER(SEARCH("SCR", _xlpm.c)), "SCR", ISNUMBER(SEARCH("VSD", _xlpm.c)), "MCCB_VSD", ISNUMBER(SEARCH("FVNR", _xlpm.c)), "FVNR", TRUE, "OTHER" ), "OTHER" ), _xlpm.LowE, _xlfn.LAMBDA(_xlpm.a, IF(_xlpm.a<=50, "8E", IF(_xlpm.a<=100, "12E", "16E"))), _xlpm.HighE, _xlfn.LAMBDA(_xlpm.a, IF(_xlpm.a<=250, "16E", IF(_xlpm.a<=400, "24E", "36E"))), _xlpm.FeederE, IF(_xlpm.flc<=32, "8E/2", IF(_xlpm.flc<=160, _xlpm.LowE(_xlpm.flc), _xlpm.HighE(_xlpm.flc))), _xlfn.IFS( _xlpm.feederType="ACB", "72E", _xlpm.feederType="MCCB_LO", _xlpm.LowE(_xlpm.flc), _xlpm.feederType="MCCB_HI", _xlpm.HighE(_xlpm.flc), _xlpm.feederType="3PNPE", _xlpm.LowE(_xlpm.flc), _xlpm.feederType="SCR", IF(_xlpm.flc<=63, "8E", IF(_xlpm.flc<=125, "12E", IF(_xlpm.flc<=250, "24E", "36E"))), _xlpm.feederType="MCCB_VSD",_xlpm.HighE(_xlpm.flc), _xlpm.feederType="FVNR", IF(_xlpm.kw<=55, "16E", IF(_xlpm.kw<=90, "24E", "36E")), _xlpm.feederType="M_A1", IF(_xlpm.kw<=15, "8E/2", "8E"), _xlpm.feederType="M_B1", IF(_xlpm.kw<=37, "8E", "12E"), _xlpm.feederType="M_C1", IF(_xlpm.kw<132, "12E", "16E"), _xlpm.feederType="M_D1", "16E", _xlpm.feederType="M_E1", "24E", _xlpm.feederType="UPS", IF(_xlpm.flc<=50, "8E", IF(_xlpm.flc<=100, "12E", IF(_xlpm.flc<=250, "16E", IF(_xlpm.flc<=400, "24E", "36E")))), _xlpm.feederType="FEEDER", _xlpm.FeederE, _xlpm.feederType="LIGHT", _xlpm.FeederE, _xlpm.feederType="HEATER", _xlpm.FeederE, TRUE, "<review>" ) )} -> 8E/2
A68: WS-VAV-006 | B68: A | C68: 9.68 | D68: 13.236515 | E68: F | F68: =_xlfn.LET( _xlpm.tag, A68, _xlpm.p, N(C68), _xlpm.i, N(D68), _xlpm.st, UPPER(TRIM(E68)), _xlpm.I_MCCB, 160, _xlpm.I_ACB, 630, _xlpm.tACB, "400V Air Circuit Breaker(ACB) Feeder Cubicle (per Dwg LV1)", _xlpm.tMCCB_HI, "400V MCCB Feeder Cubicle (I > 160A, per Dwg LV3)", _xlpm.tMCCB_LO, "400V MCCB Feeder Cubicle (I < 160A, per Dwg LV4)", _xlpm.tLP, "400V 3Ph+N+PE Feeder Cubicle (per Dwg LV5)", _xlpm.tHEAT, "400V SCR-Controlled Heater Feeder Cubicle (per Dwg LV8)", _xlpm.tVSD, "400V MCCB Feeder for VSD Cubicle (per Dwg LV9)", _xlpm.tFVNR_HI, "400V FVNR Motor Starter Cubicle (55kW < P < 200kW, per Dwg LV10)", _xlpm.tFVNR_LO, "400V FVNR Motor Starter Cubicle (P <= 55kW, per Dwg LV11)", _xlpm.tM_HV, "HV DOL Motor Starter Cubicle", _xlpm.tM_LV_DOL, "400V DOL Motor Starter Cubicle", _xlpm.tUPS, "400V UPS Feeder Cubicle", _xlpm.isM_HV, _xlpm.st="M-HV", _xlpm.isM_LV, OR(_xlpm.st="M-A1", _xlpm.st="M-B1", _xlpm.st="M-C1", _xlpm.st="M-D1", _xlpm.st="M-E1"), _xlpm.isVSD_HV, _xlpm.st="VSD-HV", _xlpm.isVSD_LV, OR(_xlpm.st="VSD-G1", _xlpm.st="VSD-G2"), _xlpm.isCB, OR(_xlpm.st="F", _xlpm.st="P"), _xlpm.isL, _xlpm.st="L", _xlpm.isU, _xlpm.st="U", _xlpm.isH, _xlpm.st="H", _xlpm.isVU, OR(_xlpm.st="VU", ISNUMBER(SEARCH("VSD", _xlpm.st)), ISNUMBER(SEARCH("INVERTER", _xlpm.st))), _xlpm.isHRS, OR(_xlpm.st="HRS", ISNUMBER(SEARCH("SCR", _xlpm.st))), _xlpm.isHC, OR(_xlpm.st="HC", ISNUMBER(SEARCH("THERMO", _xlpm.st)), ISNUMBER(SEARCH("CONTACTOR", _xlpm.st))), _xlpm.isF, OR(_xlpm.st="F", ISNUMBER(SEARCH("FEEDER", _xlpm.st))), _xlpm.isFVNR, ISNUMBER(SEARCH("FVNR", _xlpm.st)), _xlpm.isFVR, OR(_xlpm.st="FVR", ISNUMBER(SEARCH("FORWARD/REVERSE", _xlpm.st))), _xlpm.isDS, OR(_xlpm.st="DS", ISNUMBER(SEARCH("DOUBLE", _xlpm.st))), _xlpm.isST, OR(_xlpm.st="ST", ISNUMBER(SEARCH("STAR", _xlpm.st)), ISNUMBER(SEARCH("TRIANGLE", _xlpm.st))), _xlpm.isSS, OR(_xlpm.st="SS", ISNUMBER(SEARCH("SOFT", _xlpm.st))), _xlpm.isA, OR(_xlpm.st="A", ISNUMBER(SEARCH("AUTOTRANSFORMER", _xlpm.st))), _xlpm.isMotorCode, OR(_xlpm.isFVNR, _xlpm.isFVR, _xlpm.isDS, _xlpm.isST, _xlpm.isSS, _xlpm.isA, _xlpm.isVU), _xlpm.isLightLP, OR(ISNUMBER(SEARCH("LIGHT", _xlpm.tag)), ISNUMBER(SEARCH("OUTLET", _xlpm.tag)), ISNUMBER(SEARCH("-LP", _xlpm.tag))), _xlpm.isHeaterTag, OR(ISNUMBER(SEARCH("-H-", _xlpm.tag)), ISNUMBER(SEARCH("HEATER", _xlpm.tag))), _xlpm.isHVAC, ISNUMBER(SEARCH("HVAC", _xlpm.tag)), _xlpm.isHoistCrane, OR(ISNUMBER(SEARCH("HOIST", _xlpm.tag)), ISNUMBER(SEARCH("CRANE", _xlpm.tag))), _xlpm.isMotorTag, OR(ISNUMBER(SEARCH("-MA-", _xlpm.tag)), ISNUMBER(SEARCH("-MK-", _xlpm.tag)), ISNUMBER(SEARCH("-MP-", _xlpm.tag)), ISNUMBER(SEARCH("-GT-", _xlpm.tag))), IF(_xlpm.isM_HV, _xlpm.tM_HV, IF(_xlpm.isM_LV, _xlpm.tM_LV_DOL, IF(OR(_xlpm.isVSD_HV, _xlpm.isVSD_LV, _xlpm.isVU), _xlpm.tVSD, IF(_xlpm.isL, _xlpm.tLP, IF(_xlpm.isU, _xlpm.tUPS, IF(OR(_xlpm.isH, _xlpm.isHRS, _xlpm.isHC, _xlpm.isHeaterTag), _xlpm.tHEAT, IF(OR(_xlpm.isCB, _xlpm.isF), IF(_xlpm.i >= _xlpm.I_ACB, _xlpm.tACB, IF(_xlpm.i > _xlpm.I_MCCB, _xlpm.tMCCB_HI, _xlpm.tMCCB_LO)), IF(_xlpm.isMotorCode, IF(_xlpm.p <= 55, _xlpm.tFVNR_LO, IF(_xlpm.p < 200, _xlpm.tFVNR_HI, IF(_xlpm.i >= _xlpm.I_ACB, _xlpm.tACB, _xlpm.tMCCB_HI))), IF(_xlpm.isLightLP, _xlpm.tLP, IF(_xlpm.isHVAC, IF(_xlpm.i >= _xlpm.I_ACB, _xlpm.tACB, _xlpm.tMCCB_HI), IF(_xlpm.isHoistCrane, _xlpm.tMCCB_LO, IF(_xlpm.isMotorTag, IF(_xlpm.p <= 55, _xlpm.tFVNR_LO, IF(_xlpm.p < 200, _xlpm.tFVNR_HI, IF(_xlpm.i >= _xlpm.I_ACB, _xlpm.tACB, _xlpm.tMCCB_HI))), IF(_xlpm.i >= _xlpm.I_ACB, _xlpm.tACB, IF(_xlpm.i > _xlpm.I_MCCB, _xlpm.tMCCB_HI, _xlpm.tMCCB_LO)) ) ) ) ) ) ) ) ) ) ) ) ) ) -> 400V MCCB Feeder Cubicle (I < 160A, per Dwg LV4) | G68: {=_xlfn.LET( _xlpm.c, UPPER(TRIM(_81IK61000189[[#This Row],[Starter Type]])), _xlpm.kw, N(_81IK61000189[[#This Row],[RATED POWER]]), _xlpm.flc, N(_81IK61000189[[#This Row],[FULL LOAD CURRENT]]), _xlpm.feederType, IFERROR( _xlfn.IFS( _xlpm.c="M-A1", "M_A1", _xlpm.c="M-B1", "M_B1", _xlpm.c="M-C1", "M_C1", _xlpm.c="M-D1", "M_D1", _xlpm.c="M-E1", "M_E1", _xlpm.c="U", "UPS", _xlpm.c="F", "FEEDER", _xlpm.c="L", "LIGHT", _xlpm.c="H", "HEATER", ISNUMBER(SEARCH("ACB", _xlpm.c)), "ACB", ISNUMBER(SEARCH("I > 160A", _xlpm.c)), "MCCB_HI", ISNUMBER(SEARCH("I < 160A", _xlpm.c)), "MCCB_LO", ISNUMBER(SEARCH("3PH+N+PE", _xlpm.c)), "3PNPE", ISNUMBER(SEARCH("SCR", _xlpm.c)), "SCR", ISNUMBER(SEARCH("VSD", _xlpm.c)), "MCCB_VSD", ISNUMBER(SEARCH("FVNR", _xlpm.c)), "FVNR", TRUE, "OTHER" ), "OTHER" ), _xlpm.LowE, _xlfn.LAMBDA(_xlpm.a, IF(_xlpm.a<=50, "8E", IF(_xlpm.a<=100, "12E", "16E"))), _xlpm.HighE, _xlfn.LAMBDA(_xlpm.a, IF(_xlpm.a<=250, "16E", IF(_xlpm.a<=400, "24E", "36E"))), _xlpm.FeederE, IF(_xlpm.flc<=32, "8E/2", IF(_xlpm.flc<=160, _xlpm.LowE(_xlpm.flc), _xlpm.HighE(_xlpm.flc))), _xlfn.IFS( _xlpm.feederType="ACB", "72E", _xlpm.feederType="MCCB_LO", _xlpm.LowE(_xlpm.flc), _xlpm.feederType="MCCB_HI", _xlpm.HighE(_xlpm.flc), _xlpm.feederType="3PNPE", _xlpm.LowE(_xlpm.flc), _xlpm.feederType="SCR", IF(_xlpm.flc<=63, "8E", IF(_xlpm.flc<=125, "12E", IF(_xlpm.flc<=250, "24E", "36E"))), _xlpm.feederType="MCCB_VSD",_xlpm.HighE(_xlpm.flc), _xlpm.feederType="FVNR", IF(_xlpm.kw<=55, "16E", IF(_xlpm.kw<=90, "24E", "36E")), _xlpm.feederType="M_A1", IF(_xlpm.kw<=15, "8E/2", "8E"), _xlpm.feederType="M_B1", IF(_xlpm.kw<=37, "8E", "12E"), _xlpm.feederType="M_C1", IF(_xlpm.kw<132, "12E", "16E"), _xlpm.feederType="M_D1", "16E", _xlpm.feederType="M_E1", "24E", _xlpm.feederType="UPS", IF(_xlpm.flc<=50, "8E", IF(_xlpm.flc<=100, "12E", IF(_xlpm.flc<=250, "16E", IF(_xlpm.flc<=400, "24E", "36E")))), _xlpm.feederType="FEEDER", _xlpm.FeederE, _xlpm.feederType="LIGHT", _xlpm.FeederE, _xlpm.feederType="HEATER", _xlpm.FeederE, TRUE, "<review>" ) )} -> 8E/2
A69: WS-VAV-007 | B69: A | C69: 3.74 | D69: 5.1141079 | E69: F | F69: =_xlfn.LET( _xlpm.tag, A69, _xlpm.p, N(C69), _xlpm.i, N(D69), _xlpm.st, UPPER(TRIM(E69)), _xlpm.I_MCCB, 160, _xlpm.I_ACB, 630, _xlpm.tACB, "400V Air Circuit Breaker(ACB) Feeder Cubicle (per Dwg LV1)", _xlpm.tMCCB_HI, "400V MCCB Feeder Cubicle (I > 160A, per Dwg LV3)", _xlpm.tMCCB_LO, "400V MCCB Feeder Cubicle (I < 160A, per Dwg LV4)", _xlpm.tLP, "400V 3Ph+N+PE Feeder Cubicle (per Dwg LV5)", _xlpm.tHEAT, "400V SCR-Controlled Heater Feeder Cubicle (per Dwg LV8)", _xlpm.tVSD, "400V MCCB Feeder for VSD Cubicle (per Dwg LV9)", _xlpm.tFVNR_HI, "400V FVNR Motor Starter Cubicle (55kW < P < 200kW, per Dwg LV10)", _xlpm.tFVNR_LO, "400V FVNR Motor Starter Cubicle (P <= 55kW, per Dwg LV11)", _xlpm.tM_HV, "HV DOL Motor Starter Cubicle", _xlpm.tM_LV_DOL, "400V DOL Motor Starter Cubicle", _xlpm.tUPS, "400V UPS Feeder Cubicle", _xlpm.isM_HV, _xlpm.st="M-HV", _xlpm.isM_LV, OR(_xlpm.st="M-A1", _xlpm.st="M-B1", _xlpm.st="M-C1", _xlpm.st="M-D1", _xlpm.st="M-E1"), _xlpm.isVSD_HV, _xlpm.st="VSD-HV", _xlpm.isVSD_LV, OR(_xlpm.st="VSD-G1", _xlpm.st="VSD-G2"), _xlpm.isCB, OR(_xlpm.st="F", _xlpm.st="P"), _xlpm.isL, _xlpm.st="L", _xlpm.isU, _xlpm.st="U", _xlpm.isH, _xlpm.st="H", _xlpm.isVU, OR(_xlpm.st="VU", ISNUMBER(SEARCH("VSD", _xlpm.st)), ISNUMBER(SEARCH("INVERTER", _xlpm.st))), _xlpm.isHRS, OR(_xlpm.st="HRS", ISNUMBER(SEARCH("SCR", _xlpm.st))), _xlpm.isHC, OR(_xlpm.st="HC", ISNUMBER(SEARCH("THERMO", _xlpm.st)), ISNUMBER(SEARCH("CONTACTOR", _xlpm.st))), _xlpm.isF, OR(_xlpm.st="F", ISNUMBER(SEARCH("FEEDER", _xlpm.st))), _xlpm.isFVNR, ISNUMBER(SEARCH("FVNR", _xlpm.st)), _xlpm.isFVR, OR(_xlpm.st="FVR", ISNUMBER(SEARCH("FORWARD/REVERSE", _xlpm.st))), _xlpm.isDS, OR(_xlpm.st="DS", ISNUMBER(SEARCH("DOUBLE", _xlpm.st))), _xlpm.isST, OR(_xlpm.st="ST", ISNUMBER(SEARCH("STAR", _xlpm.st)), ISNUMBER(SEARCH("TRIANGLE", _xlpm.st))), _xlpm.isSS, OR(_xlpm.st="SS", ISNUMBER(SEARCH("SOFT", _xlpm.st))), _xlpm.isA, OR(_xlpm.st="A", ISNUMBER(SEARCH("AUTOTRANSFORMER", _xlpm.st))), _xlpm.isMotorCode, OR(_xlpm.isFVNR, _xlpm.isFVR, _xlpm.isDS, _xlpm.isST, _xlpm.isSS, _xlpm.isA, _xlpm.isVU), _xlpm.isLightLP, OR(ISNUMBER(SEARCH("LIGHT", _xlpm.tag)), ISNUMBER(SEARCH("OUTLET", _xlpm.tag)), ISNUMBER(SEARCH("-LP", _xlpm.tag))), _xlpm.isHeaterTag, OR(ISNUMBER(SEARCH("-H-", _xlpm.tag)), ISNUMBER(SEARCH("HEATER", _xlpm.tag))), _xlpm.isHVAC, ISNUMBER(SEARCH("HVAC", _xlpm.tag)), _xlpm.isHoistCrane, OR(ISNUMBER(SEARCH("HOIST", _xlpm.tag)), ISNUMBER(SEARCH("CRANE", _xlpm.tag))), _xlpm.isMotorTag, OR(ISNUMBER(SEARCH("-MA-", _xlpm.tag)), ISNUMBER(SEARCH("-MK-", _xlpm.tag)), ISNUMBER(SEARCH("-MP-", _xlpm.tag)), ISNUMBER(SEARCH("-GT-", _xlpm.tag))), IF(_xlpm.isM_HV, _xlpm.tM_HV, IF(_xlpm.isM_LV, _xlpm.tM_LV_DOL, IF(OR(_xlpm.isVSD_HV, _xlpm.isVSD_LV, _xlpm.isVU), _xlpm.tVSD, IF(_xlpm.isL, _xlpm.tLP, IF(_xlpm.isU, _xlpm.tUPS, IF(OR(_xlpm.isH, _xlpm.isHRS, _xlpm.isHC, _xlpm.isHeaterTag), _xlpm.tHEAT, IF(OR(_xlpm.isCB, _xlpm.isF), IF(_xlpm.i >= _xlpm.I_ACB, _xlpm.tACB, IF(_xlpm.i > _xlpm.I_MCCB, _xlpm.tMCCB_HI, _xlpm.tMCCB_LO)), IF(_xlpm.isMotorCode, IF(_xlpm.p <= 55, _xlpm.tFVNR_LO, IF(_xlpm.p < 200, _xlpm.tFVNR_HI, IF(_xlpm.i >= _xlpm.I_ACB, _xlpm.tACB, _xlpm.tMCCB_HI))), IF(_xlpm.isLightLP, _xlpm.tLP, IF(_xlpm.isHVAC, IF(_xlpm.i >= _xlpm.I_ACB, _xlpm.tACB, _xlpm.tMCCB_HI), IF(_xlpm.isHoistCrane, _xlpm.tMCCB_LO, IF(_xlpm.isMotorTag, IF(_xlpm.p <= 55, _xlpm.tFVNR_LO, IF(_xlpm.p < 200, _xlpm.tFVNR_HI, IF(_xlpm.i >= _xlpm.I_ACB, _xlpm.tACB, _xlpm.tMCCB_HI))), IF(_xlpm.i >= _xlpm.I_ACB, _xlpm.tACB, IF(_xlpm.i > _xlpm.I_MCCB, _xlpm.tMCCB_HI, _xlpm.tMCCB_LO)) ) ) ) ) ) ) ) ) ) ) ) ) ) -> 400V MCCB Feeder Cubicle (I < 160A, per Dwg LV4) | G69: {=_xlfn.LET( _xlpm.c, UPPER(TRIM(_81IK61000189[[#This Row],[Starter Type]])), _xlpm.kw, N(_81IK61000189[[#This Row],[RATED POWER]]), _xlpm.flc, N(_81IK61000189[[#This Row],[FULL LOAD CURRENT]]), _xlpm.feederType, IFERROR( _xlfn.IFS( _xlpm.c="M-A1", "M_A1", _xlpm.c="M-B1", "M_B1", _xlpm.c="M-C1", "M_C1", _xlpm.c="M-D1", "M_D1", _xlpm.c="M-E1", "M_E1", _xlpm.c="U", "UPS", _xlpm.c="F", "FEEDER", _xlpm.c="L", "LIGHT", _xlpm.c="H", "HEATER", ISNUMBER(SEARCH("ACB", _xlpm.c)), "ACB", ISNUMBER(SEARCH("I > 160A", _xlpm.c)), "MCCB_HI", ISNUMBER(SEARCH("I < 160A", _xlpm.c)), "MCCB_LO", ISNUMBER(SEARCH("3PH+N+PE", _xlpm.c)), "3PNPE", ISNUMBER(SEARCH("SCR", _xlpm.c)), "SCR", ISNUMBER(SEARCH("VSD", _xlpm.c)), "MCCB_VSD", ISNUMBER(SEARCH("FVNR", _xlpm.c)), "FVNR", TRUE, "OTHER" ), "OTHER" ), _xlpm.LowE, _xlfn.LAMBDA(_xlpm.a, IF(_xlpm.a<=50, "8E", IF(_xlpm.a<=100, "12E", "16E"))), _xlpm.HighE, _xlfn.LAMBDA(_xlpm.a, IF(_xlpm.a<=250, "16E", IF(_xlpm.a<=400, "24E", "36E"))), _xlpm.FeederE, IF(_xlpm.flc<=32, "8E/2", IF(_xlpm.flc<=160, _xlpm.LowE(_xlpm.flc), _xlpm.HighE(_xlpm.flc))), _xlfn.IFS( _xlpm.feederType="ACB", "72E", _xlpm.feederType="MCCB_LO", _xlpm.LowE(_xlpm.flc), _xlpm.feederType="MCCB_HI", _xlpm.HighE(_xlpm.flc), _xlpm.feederType="3PNPE", _xlpm.LowE(_xlpm.flc), _xlpm.feederType="SCR", IF(_xlpm.flc<=63, "8E", IF(_xlpm.flc<=125, "12E", IF(_xlpm.flc<=250, "24E", "36E"))), _xlpm.feederType="MCCB_VSD",_xlpm.HighE(_xlpm.flc), _xlpm.feederType="FVNR", IF(_xlpm.kw<=55, "16E", IF(_xlpm.kw<=90, "24E", "36E")), _xlpm.feederType="M_A1", IF(_xlpm.kw<=15, "8E/2", "8E"), _xlpm.feederType="M_B1", IF(_xlpm.kw<=37, "8E", "12E"), _xlpm.feederType="M_C1", IF(_xlpm.kw<132, "12E", "16E"), _xlpm.feederType="M_D1", "16E", _xlpm.feederType="M_E1", "24E", _xlpm.feederType="UPS", IF(_xlpm.flc<=50, "8E", IF(_xlpm.flc<=100, "12E", IF(_xlpm.flc<=250, "16E", IF(_xlpm.flc<=400, "24E", "36E")))), _xlpm.feederType="FEEDER", _xlpm.FeederE, _xlpm.feederType="LIGHT", _xlpm.FeederE, _xlpm.feederType="HEATER", _xlpm.FeederE, TRUE, "<review>" ) )} -> 8E/2
A70: WS-VAV-008 | B70: A | C70: 3.63 | D70: 4.963693 | E70: F | F70: =_xlfn.LET( _xlpm.tag, A70, _xlpm.p, N(C70), _xlpm.i, N(D70), _xlpm.st, UPPER(TRIM(E70)), _xlpm.I_MCCB, 160, _xlpm.I_ACB, 630, _xlpm.tACB, "400V Air Circuit Breaker(ACB) Feeder Cubicle (per Dwg LV1)", _xlpm.tMCCB_HI, "400V MCCB Feeder Cubicle (I > 160A, per Dwg LV3)", _xlpm.tMCCB_LO, "400V MCCB Feeder Cubicle (I < 160A, per Dwg LV4)", _xlpm.tLP, "400V 3Ph+N+PE Feeder Cubicle (per Dwg LV5)", _xlpm.tHEAT, "400V SCR-Controlled Heater Feeder Cubicle (per Dwg LV8)", _xlpm.tVSD, "400V MCCB Feeder for VSD Cubicle (per Dwg LV9)", _xlpm.tFVNR_HI, "400V FVNR Motor Starter Cubicle (55kW < P < 200kW, per Dwg LV10)", _xlpm.tFVNR_LO, "400V FVNR Motor Starter Cubicle (P <= 55kW, per Dwg LV11)", _xlpm.tM_HV, "HV DOL Motor Starter Cubicle", _xlpm.tM_LV_DOL, "400V DOL Motor Starter Cubicle", _xlpm.tUPS, "400V UPS Feeder Cubicle", _xlpm.isM_HV, _xlpm.st="M-HV", _xlpm.isM_LV, OR(_xlpm.st="M-A1", _xlpm.st="M-B1", _xlpm.st="M-C1", _xlpm.st="M-D1", _xlpm.st="M-E1"), _xlpm.isVSD_HV, _xlpm.st="VSD-HV", _xlpm.isVSD_LV, OR(_xlpm.st="VSD-G1", _xlpm.st="VSD-G2"), _xlpm.isCB, OR(_xlpm.st="F", _xlpm.st="P"), _xlpm.isL, _xlpm.st="L", _xlpm.isU, _xlpm.st="U", _xlpm.isH, _xlpm.st="H", _xlpm.isVU, OR(_xlpm.st="VU", ISNUMBER(SEARCH("VSD", _xlpm.st)), ISNUMBER(SEARCH("INVERTER", _xlpm.st))), _xlpm.isHRS, OR(_xlpm.st="HRS", ISNUMBER(SEARCH("SCR", _xlpm.st))), _xlpm.isHC, OR(_xlpm.st="HC", ISNUMBER(SEARCH("THERMO", _xlpm.st)), ISNUMBER(SEARCH("CONTACTOR", _xlpm.st))), _xlpm.isF, OR(_xlpm.st="F", ISNUMBER(SEARCH("FEEDER", _xlpm.st))), _xlpm.isFVNR, ISNUMBER(SEARCH("FVNR", _xlpm.st)), _xlpm.isFVR, OR(_xlpm.st="FVR", ISNUMBER(SEARCH("FORWARD/REVERSE", _xlpm.st))), _xlpm.isDS, OR(_xlpm.st="DS", ISNUMBER(SEARCH("DOUBLE", _xlpm.st))), _xlpm.isST, OR(_xlpm.st="ST", ISNUMBER(SEARCH("STAR", _xlpm.st)), ISNUMBER(SEARCH("TRIANGLE", _xlpm.st))), _xlpm.isSS, OR(_xlpm.st="SS", ISNUMBER(SEARCH("SOFT", _xlpm.st))), _xlpm.isA, OR(_xlpm.st="A", ISNUMBER(SEARCH("AUTOTRANSFORMER", _xlpm.st))), _xlpm.isMotorCode, OR(_xlpm.isFVNR, _xlpm.isFVR, _xlpm.isDS, _xlpm.isST, _xlpm.isSS, _xlpm.isA, _xlpm.isVU), _xlpm.isLightLP, OR(ISNUMBER(SEARCH("LIGHT", _xlpm.tag)), ISNUMBER(SEARCH("OUTLET", _xlpm.tag)), ISNUMBER(SEARCH("-LP", _xlpm.tag))), _xlpm.isHeaterTag, OR(ISNUMBER(SEARCH("-H-", _xlpm.tag)), ISNUMBER(SEARCH("HEATER", _xlpm.tag))), _xlpm.isHVAC, ISNUMBER(SEARCH("HVAC", _xlpm.tag)), _xlpm.isHoistCrane, OR(ISNUMBER(SEARCH("HOIST", _xlpm.tag)), ISNUMBER(SEARCH("CRANE", _xlpm.tag))), _xlpm.isMotorTag, OR(ISNUMBER(SEARCH("-MA-", _xlpm.tag)), ISNUMBER(SEARCH("-MK-", _xlpm.tag)), ISNUMBER(SEARCH("-MP-", _xlpm.tag)), ISNUMBER(SEARCH("-GT-", _xlpm.tag))), IF(_xlpm.isM_HV, _xlpm.tM_HV, IF(_xlpm.isM_LV, _xlpm.tM_LV_DOL, IF(OR(_xlpm.isVSD_HV, _xlpm.isVSD_LV, _xlpm.isVU), _xlpm.tVSD, IF(_xlpm.isL, _xlpm.tLP, IF(_xlpm.isU, _xlpm.tUPS, IF(OR(_xlpm.isH, _xlpm.isHRS, _xlpm.isHC, _xlpm.isHeaterTag), _xlpm.tHEAT, IF(OR(_xlpm.isCB, _xlpm.isF), IF(_xlpm.i >= _xlpm.I_ACB, _xlpm.tACB, IF(_xlpm.i > _xlpm.I_MCCB, _xlpm.tMCCB_HI, _xlpm.tMCCB_LO)), IF(_xlpm.isMotorCode, IF(_xlpm.p <= 55, _xlpm.tFVNR_LO, IF(_xlpm.p < 200, _xlpm.tFVNR_HI, IF(_xlpm.i >= _xlpm.I_ACB, _xlpm.tACB, _xlpm.tMCCB_HI))), IF(_xlpm.isLightLP, _xlpm.tLP, IF(_xlpm.isHVAC, IF(_xlpm.i >= _xlpm.I_ACB, _xlpm.tACB, _xlpm.tMCCB_HI), IF(_xlpm.isHoistCrane, _xlpm.tMCCB_LO, IF(_xlpm.isMotorTag, IF(_xlpm.p <= 55, _xlpm.tFVNR_LO, IF(_xlpm.p < 200, _xlpm.tFVNR_HI, IF(_xlpm.i >= _xlpm.I_ACB, _xlpm.tACB, _xlpm.tMCCB_HI))), IF(_xlpm.i >= _xlpm.I_ACB, _xlpm.tACB, IF(_xlpm.i > _xlpm.I_MCCB, _xlpm.tMCCB_HI, _xlpm.tMCCB_LO)) ) ) ) ) ) ) ) ) ) ) ) ) ) -> 400V MCCB Feeder Cubicle (I < 160A, per Dwg LV4) | G70: {=_xlfn.LET( _xlpm.c, UPPER(TRIM(_81IK61000189[[#This Row],[Starter Type]])), _xlpm.kw, N(_81IK61000189[[#This Row],[RATED POWER]]), _xlpm.flc, N(_81IK61000189[[#This Row],[FULL LOAD CURRENT]]), _xlpm.feederType, IFERROR( _xlfn.IFS( _xlpm.c="M-A1", "M_A1", _xlpm.c="M-B1", "M_B1", _xlpm.c="M-C1", "M_C1", _xlpm.c="M-D1", "M_D1", _xlpm.c="M-E1", "M_E1", _xlpm.c="U", "UPS", _xlpm.c="F", "FEEDER", _xlpm.c="L", "LIGHT", _xlpm.c="H", "HEATER", ISNUMBER(SEARCH("ACB", _xlpm.c)), "ACB", ISNUMBER(SEARCH("I > 160A", _xlpm.c)), "MCCB_HI", ISNUMBER(SEARCH("I < 160A", _xlpm.c)), "MCCB_LO", ISNUMBER(SEARCH("3PH+N+PE", _xlpm.c)), "3PNPE", ISNUMBER(SEARCH("SCR", _xlpm.c)), "SCR", ISNUMBER(SEARCH("VSD", _xlpm.c)), "MCCB_VSD", ISNUMBER(SEARCH("FVNR", _xlpm.c)), "FVNR", TRUE, "OTHER" ), "OTHER" ), _xlpm.LowE, _xlfn.LAMBDA(_xlpm.a, IF(_xlpm.a<=50, "8E", IF(_xlpm.a<=100, "12E", "16E"))), _xlpm.HighE, _xlfn.LAMBDA(_xlpm.a, IF(_xlpm.a<=250, "16E", IF(_xlpm.a<=400, "24E", "36E"))), _xlpm.FeederE, IF(_xlpm.flc<=32, "8E/2", IF(_xlpm.flc<=160, _xlpm.LowE(_xlpm.flc), _xlpm.HighE(_xlpm.flc))), _xlfn.IFS( _xlpm.feederType="ACB", "72E", _xlpm.feederType="MCCB_LO", _xlpm.LowE(_xlpm.flc), _xlpm.feederType="MCCB_HI", _xlpm.HighE(_xlpm.flc), _xlpm.feederType="3PNPE", _xlpm.LowE(_xlpm.flc), _xlpm.feederType="SCR", IF(_xlpm.flc<=63, "8E", IF(_xlpm.flc<=125, "12E", IF(_xlpm.flc<=250, "24E", "36E"))), _xlpm.feederType="MCCB_VSD",_xlpm.HighE(_xlpm.flc), _xlpm.feederType="FVNR", IF(_xlpm.kw<=55, "16E", IF(_xlpm.kw<=90, "24E", "36E")), _xlpm.feederType="M_A1", IF(_xlpm.kw<=15, "8E/2", "8E"), _xlpm.feederType="M_B1", IF(_xlpm.kw<=37, "8E", "12E"), _xlpm.feederType="M_C1", IF(_xlpm.kw<132, "12E", "16E"), _xlpm.feederType="M_D1", "16E", _xlpm.feederType="M_E1", "24E", _xlpm.feederType="UPS", IF(_xlpm.flc<=50, "8E", IF(_xlpm.flc<=100, "12E", IF(_xlpm.flc<=250, "16E", IF(_xlpm.flc<=400, "24E", "36E")))), _xlpm.feederType="FEEDER", _xlpm.FeederE, _xlpm.feederType="LIGHT", _xlpm.FeederE, _xlpm.feederType="HEATER", _xlpm.FeederE, TRUE, "<review>" ) )} -> 8E/2
A71: WS-VAV-009 | B71: A | C71: 2.42 | D71: 3.3091286 | E71: F | F71: =_xlfn.LET( _xlpm.tag, A71, _xlpm.p, N(C71), _xlpm.i, N(D71), _xlpm.st, UPPER(TRIM(E71)), _xlpm.I_MCCB, 160, _xlpm.I_ACB, 630, _xlpm.tACB, "400V Air Circuit Breaker(ACB) Feeder Cubicle (per Dwg LV1)", _xlpm.tMCCB_HI, "400V MCCB Feeder Cubicle (I > 160A, per Dwg LV3)", _xlpm.tMCCB_LO, "400V MCCB Feeder Cubicle (I < 160A, per Dwg LV4)", _xlpm.tLP, "400V 3Ph+N+PE Feeder Cubicle (per Dwg LV5)", _xlpm.tHEAT, "400V SCR-Controlled Heater Feeder Cubicle (per Dwg LV8)", _xlpm.tVSD, "400V MCCB Feeder for VSD Cubicle (per Dwg LV9)", _xlpm.tFVNR_HI, "400V FVNR Motor Starter Cubicle (55kW < P < 200kW, per Dwg LV10)", _xlpm.tFVNR_LO, "400V FVNR Motor Starter Cubicle (P <= 55kW, per Dwg LV11)", _xlpm.tM_HV, "HV DOL Motor Starter Cubicle", _xlpm.tM_LV_DOL, "400V DOL Motor Starter Cubicle", _xlpm.tUPS, "400V UPS Feeder Cubicle", _xlpm.isM_HV, _xlpm.st="M-HV", _xlpm.isM_LV, OR(_xlpm.st="M-A1", _xlpm.st="M-B1", _xlpm.st="M-C1", _xlpm.st="M-D1", _xlpm.st="M-E1"), _xlpm.isVSD_HV, _xlpm.st="VSD-HV", _xlpm.isVSD_LV, OR(_xlpm.st="VSD-G1", _xlpm.st="VSD-G2"), _xlpm.isCB, OR(_xlpm.st="F", _xlpm.st="P"), _xlpm.isL, _xlpm.st="L", _xlpm.isU, _xlpm.st="U", _xlpm.isH, _xlpm.st="H", _xlpm.isVU, OR(_xlpm.st="VU", ISNUMBER(SEARCH("VSD", _xlpm.st)), ISNUMBER(SEARCH("INVERTER", _xlpm.st))), _xlpm.isHRS, OR(_xlpm.st="HRS", ISNUMBER(SEARCH("SCR", _xlpm.st))), _xlpm.isHC, OR(_xlpm.st="HC", ISNUMBER(SEARCH("THERMO", _xlpm.st)), ISNUMBER(SEARCH("CONTACTOR", _xlpm.st))), _xlpm.isF, OR(_xlpm.st="F", ISNUMBER(SEARCH("FEEDER", _xlpm.st))), _xlpm.isFVNR, ISNUMBER(SEARCH("FVNR", _xlpm.st)), _xlpm.isFVR, OR(_xlpm.st="FVR", ISNUMBER(SEARCH("FORWARD/REVERSE", _xlpm.st))), _xlpm.isDS, OR(_xlpm.st="DS", ISNUMBER(SEARCH("DOUBLE", _xlpm.st))), _xlpm.isST, OR(_xlpm.st="ST", ISNUMBER(SEARCH("STAR", _xlpm.st)), ISNUMBER(SEARCH("TRIANGLE", _xlpm.st))), _xlpm.isSS, OR(_xlpm.st="SS", ISNUMBER(SEARCH("SOFT", _xlpm.st))), _xlpm.isA, OR(_xlpm.st="A", ISNUMBER(SEARCH("AUTOTRANSFORMER", _xlpm.st))), _xlpm.isMotorCode, OR(_xlpm.isFVNR, _xlpm.isFVR, _xlpm.isDS, _xlpm.isST, _xlpm.isSS, _xlpm.isA, _xlpm.isVU), _xlpm.isLightLP, OR(ISNUMBER(SEARCH("LIGHT", _xlpm.tag)), ISNUMBER(SEARCH("OUTLET", _xlpm.tag)), ISNUMBER(SEARCH("-LP", _xlpm.tag))), _xlpm.isHeaterTag, OR(ISNUMBER(SEARCH("-H-", _xlpm.tag)), ISNUMBER(SEARCH("HEATER", _xlpm.tag))), _xlpm.isHVAC, ISNUMBER(SEARCH("HVAC", _xlpm.tag)), _xlpm.isHoistCrane, OR(ISNUMBER(SEARCH("HOIST", _xlpm.tag)), ISNUMBER(SEARCH("CRANE", _xlpm.tag))), _xlpm.isMotorTag, OR(ISNUMBER(SEARCH("-MA-", _xlpm.tag)), ISNUMBER(SEARCH("-MK-", _xlpm.tag)), ISNUMBER(SEARCH("-MP-", _xlpm.tag)), ISNUMBER(SEARCH("-GT-", _xlpm.tag))), IF(_xlpm.isM_HV, _xlpm.tM_HV, IF(_xlpm.isM_LV, _xlpm.tM_LV_DOL, IF(OR(_xlpm.isVSD_HV, _xlpm.isVSD_LV, _xlpm.isVU), _xlpm.tVSD, IF(_xlpm.isL, _xlpm.tLP, IF(_xlpm.isU, _xlpm.tUPS, IF(OR(_xlpm.isH, _xlpm.isHRS, _xlpm.isHC, _xlpm.isHeaterTag), _xlpm.tHEAT, IF(OR(_xlpm.isCB, _xlpm.isF), IF(_xlpm.i >= _xlpm.I_ACB, _xlpm.tACB, IF(_xlpm.i > _xlpm.I_MCCB, _xlpm.tMCCB_HI, _xlpm.tMCCB_LO)), IF(_xlpm.isMotorCode, IF(_xlpm.p <= 55, _xlpm.tFVNR_LO, IF(_xlpm.p < 200, _xlpm.tFVNR_HI, IF(_xlpm.i >= _xlpm.I_ACB, _xlpm.tACB, _xlpm.tMCCB_HI))), IF(_xlpm.isLightLP, _xlpm.tLP, IF(_xlpm.isHVAC, IF(_xlpm.i >= _xlpm.I_ACB, _xlpm.tACB, _xlpm.tMCCB_HI), IF(_xlpm.isHoistCrane, _xlpm.tMCCB_LO, IF(_xlpm.isMotorTag, IF(_xlpm.p <= 55, _xlpm.tFVNR_LO, IF(_xlpm.p < 200, _xlpm.tFVNR_HI, IF(_xlpm.i >= _xlpm.I_ACB, _xlpm.tACB, _xlpm.tMCCB_HI))), IF(_xlpm.i >= _xlpm.I_ACB, _xlpm.tACB, IF(_xlpm.i > _xlpm.I_MCCB, _xlpm.tMCCB_HI, _xlpm.tMCCB_LO)) ) ) ) ) ) ) ) ) ) ) ) ) ) -> 400V MCCB Feeder Cubicle (I < 160A, per Dwg LV4) | G71: {=_xlfn.LET( _xlpm.c, UPPER(TRIM(_81IK61000189[[#This Row],[Starter Type]])), _xlpm.kw, N(_81IK61000189[[#This Row],[RATED POWER]]), _xlpm.flc, N(_81IK61000189[[#This Row],[FULL LOAD CURRENT]]), _xlpm.feederType, IFERROR( _xlfn.IFS( _xlpm.c="M-A1", "M_A1", _xlpm.c="M-B1", "M_B1", _xlpm.c="M-C1", "M_C1", _xlpm.c="M-D1", "M_D1", _xlpm.c="M-E1", "M_E1", _xlpm.c="U", "UPS", _xlpm.c="F", "FEEDER", _xlpm.c="L", "LIGHT", _xlpm.c="H", "HEATER", ISNUMBER(SEARCH("ACB", _xlpm.c)), "ACB", ISNUMBER(SEARCH("I > 160A", _xlpm.c)), "MCCB_HI", ISNUMBER(SEARCH("I < 160A", _xlpm.c)), "MCCB_LO", ISNUMBER(SEARCH("3PH+N+PE", _xlpm.c)), "3PNPE", ISNUMBER(SEARCH("SCR", _xlpm.c)), "SCR", ISNUMBER(SEARCH("VSD", _xlpm.c)), "MCCB_VSD", ISNUMBER(SEARCH("FVNR", _xlpm.c)), "FVNR", TRUE, "OTHER" ), "OTHER" ), _xlpm.LowE, _xlfn.LAMBDA(_xlpm.a, IF(_xlpm.a<=50, "8E", IF(_xlpm.a<=100, "12E", "16E"))), _xlpm.HighE, _xlfn.LAMBDA(_xlpm.a, IF(_xlpm.a<=250, "16E", IF(_xlpm.a<=400, "24E", "36E"))), _xlpm.FeederE, IF(_xlpm.flc<=32, "8E/2", IF(_xlpm.flc<=160, _xlpm.LowE(_xlpm.flc), _xlpm.HighE(_xlpm.flc))), _xlfn.IFS( _xlpm.feederType="ACB", "72E", _xlpm.feederType="MCCB_LO", _xlpm.LowE(_xlpm.flc), _xlpm.feederType="MCCB_HI", _xlpm.HighE(_xlpm.flc), _xlpm.feederType="3PNPE", _xlpm.LowE(_xlpm.flc), _xlpm.feederType="SCR", IF(_xlpm.flc<=63, "8E", IF(_xlpm.flc<=125, "12E", IF(_xlpm.flc<=250, "24E", "36E"))), _xlpm.feederType="MCCB_VSD",_xlpm.HighE(_xlpm.flc), _xlpm.feederType="FVNR", IF(_xlpm.kw<=55, "16E", IF(_xlpm.kw<=90, "24E", "36E")), _xlpm.feederType="M_A1", IF(_xlpm.kw<=15, "8E/2", "8E"), _xlpm.feederType="M_B1", IF(_xlpm.kw<=37, "8E", "12E"), _xlpm.feederType="M_C1", IF(_xlpm.kw<132, "12E", "16E"), _xlpm.feederType="M_D1", "16E", _xlpm.feederType="M_E1", "24E", _xlpm.feederType="UPS", IF(_xlpm.flc<=50, "8E", IF(_xlpm.flc<=100, "12E", IF(_xlpm.flc<=250, "16E", IF(_xlpm.flc<=400, "24E", "36E")))), _xlpm.feederType="FEEDER", _xlpm.FeederE, _xlpm.feederType="LIGHT", _xlpm.FeederE, _xlpm.feederType="HEATER", _xlpm.FeederE, TRUE, "<review>" ) )} -> 8E/2
A72: WS-VAV-010 | B72: A | C72: 11.11 | D72: 15.191909 | E72: F | F72: =_xlfn.LET( _xlpm.tag, A72, _xlpm.p, N(C72), _xlpm.i, N(D72), _xlpm.st, UPPER(TRIM(E72)), _xlpm.I_MCCB, 160, _xlpm.I_ACB, 630, _xlpm.tACB, "400V Air Circuit Breaker(ACB) Feeder Cubicle (per Dwg LV1)", _xlpm.tMCCB_HI, "400V MCCB Feeder Cubicle (I > 160A, per Dwg LV3)", _xlpm.tMCCB_LO, "400V MCCB Feeder Cubicle (I < 160A, per Dwg LV4)", _xlpm.tLP, "400V 3Ph+N+PE Feeder Cubicle (per Dwg LV5)", _xlpm.tHEAT, "400V SCR-Controlled Heater Feeder Cubicle (per Dwg LV8)", _xlpm.tVSD, "400V MCCB Feeder for VSD Cubicle (per Dwg LV9)", _xlpm.tFVNR_HI, "400V FVNR Motor Starter Cubicle (55kW < P < 200kW, per Dwg LV10)", _xlpm.tFVNR_LO, "400V FVNR Motor Starter Cubicle (P <= 55kW, per Dwg LV11)", _xlpm.tM_HV, "HV DOL Motor Starter Cubicle", _xlpm.tM_LV_DOL, "400V DOL Motor Starter Cubicle", _xlpm.tUPS, "400V UPS Feeder Cubicle", _xlpm.isM_HV, _xlpm.st="M-HV", _xlpm.isM_LV, OR(_xlpm.st="M-A1", _xlpm.st="M-B1", _xlpm.st="M-C1", _xlpm.st="M-D1", _xlpm.st="M-E1"), _xlpm.isVSD_HV, _xlpm.st="VSD-HV", _xlpm.isVSD_LV, OR(_xlpm.st="VSD-G1", _xlpm.st="VSD-G2"), _xlpm.isCB, OR(_xlpm.st="F", _xlpm.st="P"), _xlpm.isL, _xlpm.st="L", _xlpm.isU, _xlpm.st="U", _xlpm.isH, _xlpm.st="H", _xlpm.isVU, OR(_xlpm.st="VU", ISNUMBER(SEARCH("VSD", _xlpm.st)), ISNUMBER(SEARCH("INVERTER", _xlpm.st))), _xlpm.isHRS, OR(_xlpm.st="HRS", ISNUMBER(SEARCH("SCR", _xlpm.st))), _xlpm.isHC, OR(_xlpm.st="HC", ISNUMBER(SEARCH("THERMO", _xlpm.st)), ISNUMBER(SEARCH("CONTACTOR", _xlpm.st))), _xlpm.isF, OR(_xlpm.st="F", ISNUMBER(SEARCH("FEEDER", _xlpm.st))), _xlpm.isFVNR, ISNUMBER(SEARCH("FVNR", _xlpm.st)), _xlpm.isFVR, OR(_xlpm.st="FVR", ISNUMBER(SEARCH("FORWARD/REVERSE", _xlpm.st))), _xlpm.isDS, OR(_xlpm.st="DS", ISNUMBER(SEARCH("DOUBLE", _xlpm.st))), _xlpm.isST, OR(_xlpm.st="ST", ISNUMBER(SEARCH("STAR", _xlpm.st)), ISNUMBER(SEARCH("TRIANGLE", _xlpm.st))), _xlpm.isSS, OR(_xlpm.st="SS", ISNUMBER(SEARCH("SOFT", _xlpm.st))), _xlpm.isA, OR(_xlpm.st="A", ISNUMBER(SEARCH("AUTOTRANSFORMER", _xlpm.st))), _xlpm.isMotorCode, OR(_xlpm.isFVNR, _xlpm.isFVR, _xlpm.isDS, _xlpm.isST, _xlpm.isSS, _xlpm.isA, _xlpm.isVU), _xlpm.isLightLP, OR(ISNUMBER(SEARCH("LIGHT", _xlpm.tag)), ISNUMBER(SEARCH("OUTLET", _xlpm.tag)), ISNUMBER(SEARCH("-LP", _xlpm.tag))), _xlpm.isHeaterTag, OR(ISNUMBER(SEARCH("-H-", _xlpm.tag)), ISNUMBER(SEARCH("HEATER", _xlpm.tag))), _xlpm.isHVAC, ISNUMBER(SEARCH("HVAC", _xlpm.tag)), _xlpm.isHoistCrane, OR(ISNUMBER(SEARCH("HOIST", _xlpm.tag)), ISNUMBER(SEARCH("CRANE", _xlpm.tag))), _xlpm.isMotorTag, OR(ISNUMBER(SEARCH("-MA-", _xlpm.tag)), ISNUMBER(SEARCH("-MK-", _xlpm.tag)), ISNUMBER(SEARCH("-MP-", _xlpm.tag)), ISNUMBER(SEARCH("-GT-", _xlpm.tag))), IF(_xlpm.isM_HV, _xlpm.tM_HV, IF(_xlpm.isM_LV, _xlpm.tM_LV_DOL, IF(OR(_xlpm.isVSD_HV, _xlpm.isVSD_LV, _xlpm.isVU), _xlpm.tVSD, IF(_xlpm.isL, _xlpm.tLP, IF(_xlpm.isU, _xlpm.tUPS, IF(OR(_xlpm.isH, _xlpm.isHRS, _xlpm.isHC, _xlpm.isHeaterTag), _xlpm.tHEAT, IF(OR(_xlpm.isCB, _xlpm.isF), IF(_xlpm.i >= _xlpm.I_ACB, _xlpm.tACB, IF(_xlpm.i > _xlpm.I_MCCB, _xlpm.tMCCB_HI, _xlpm.tMCCB_LO)), IF(_xlpm.isMotorCode, IF(_xlpm.p <= 55, _xlpm.tFVNR_LO, IF(_xlpm.p < 200, _xlpm.tFVNR_HI, IF(_xlpm.i >= _xlpm.I_ACB, _xlpm.tACB, _xlpm.tMCCB_HI))), IF(_xlpm.isLightLP, _xlpm.tLP, IF(_xlpm.isHVAC, IF(_xlpm.i >= _xlpm.I_ACB, _xlpm.tACB, _xlpm.tMCCB_HI), IF(_xlpm.isHoistCrane, _xlpm.tMCCB_LO, IF(_xlpm.isMotorTag, IF(_xlpm.p <= 55, _xlpm.tFVNR_LO, IF(_xlpm.p < 200, _xlpm.tFVNR_HI, IF(_xlpm.i >= _xlpm.I_ACB, _xlpm.tACB, _xlpm.tMCCB_HI))), IF(_xlpm.i >= _xlpm.I_ACB, _xlpm.tACB, IF(_xlpm.i > _xlpm.I_MCCB, _xlpm.tMCCB_HI, _xlpm.tMCCB_LO)) ) ) ) ) ) ) ) ) ) ) ) ) ) -> 400V MCCB Feeder Cubicle (I < 160A, per Dwg LV4) | G72: {=_xlfn.LET( _xlpm.c, UPPER(TRIM(_81IK61000189[[#This Row],[Starter Type]])), _xlpm.kw, N(_81IK61000189[[#This Row],[RATED POWER]]), _xlpm.flc, N(_81IK61000189[[#This Row],[FULL LOAD CURRENT]]), _xlpm.feederType, IFERROR( _xlfn.IFS( _xlpm.c="M-A1", "M_A1", _xlpm.c="M-B1", "M_B1", _xlpm.c="M-C1", "M_C1", _xlpm.c="M-D1", "M_D1", _xlpm.c="M-E1", "M_E1", _xlpm.c="U", "UPS", _xlpm.c="F", "FEEDER", _xlpm.c="L", "LIGHT", _xlpm.c="H", "HEATER", ISNUMBER(SEARCH("ACB", _xlpm.c)), "ACB", ISNUMBER(SEARCH("I > 160A", _xlpm.c)), "MCCB_HI", ISNUMBER(SEARCH("I < 160A", _xlpm.c)), "MCCB_LO", ISNUMBER(SEARCH("3PH+N+PE", _xlpm.c)), "3PNPE", ISNUMBER(SEARCH("SCR", _xlpm.c)), "SCR", ISNUMBER(SEARCH("VSD", _xlpm.c)), "MCCB_VSD", ISNUMBER(SEARCH("FVNR", _xlpm.c)), "FVNR", TRUE, "OTHER" ), "OTHER" ), _xlpm.LowE, _xlfn.LAMBDA(_xlpm.a, IF(_xlpm.a<=50, "8E", IF(_xlpm.a<=100, "12E", "16E"))), _xlpm.HighE, _xlfn.LAMBDA(_xlpm.a, IF(_xlpm.a<=250, "16E", IF(_xlpm.a<=400, "24E", "36E"))), _xlpm.FeederE, IF(_xlpm.flc<=32, "8E/2", IF(_xlpm.flc<=160, _xlpm.LowE(_xlpm.flc), _xlpm.HighE(_xlpm.flc))), _xlfn.IFS( _xlpm.feederType="ACB", "72E", _xlpm.feederType="MCCB_LO", _xlpm.LowE(_xlpm.flc), _xlpm.feederType="MCCB_HI", _xlpm.HighE(_xlpm.flc), _xlpm.feederType="3PNPE", _xlpm.LowE(_xlpm.flc), _xlpm.feederType="SCR", IF(_xlpm.flc<=63, "8E", IF(_xlpm.flc<=125, "12E", IF(_xlpm.flc<=250, "24E", "36E"))), _xlpm.feederType="MCCB_VSD",_xlpm.HighE(_xlpm.flc), _xlpm.feederType="FVNR", IF(_xlpm.kw<=55, "16E", IF(_xlpm.kw<=90, "24E", "36E")), _xlpm.feederType="M_A1", IF(_xlpm.kw<=15, "8E/2", "8E"), _xlpm.feederType="M_B1", IF(_xlpm.kw<=37, "8E", "12E"), _xlpm.feederType="M_C1", IF(_xlpm.kw<132, "12E", "16E"), _xlpm.feederType="M_D1", "16E", _xlpm.feederType="M_E1", "24E", _xlpm.feederType="UPS", IF(_xlpm.flc<=50, "8E", IF(_xlpm.flc<=100, "12E", IF(_xlpm.flc<=250, "16E", IF(_xlpm.flc<=400, "24E", "36E")))), _xlpm.feederType="FEEDER", _xlpm.FeederE, _xlpm.feederType="LIGHT", _xlpm.FeederE, _xlpm.feederType="HEATER", _xlpm.FeederE, TRUE, "<review>" ) )} -> 8E/2
A73: WS-CAV-001 | B73: A | C73: 1.76 | D73: 2.406639 | E73: F | F73: =_xlfn.LET( _xlpm.tag, A73, _xlpm.p, N(C73), _xlpm.i, N(D73), _xlpm.st, UPPER(TRIM(E73)), _xlpm.I_MCCB, 160, _xlpm.I_ACB, 630, _xlpm.tACB, "400V Air Circuit Breaker(ACB) Feeder Cubicle (per Dwg LV1)", _xlpm.tMCCB_HI, "400V MCCB Feeder Cubicle (I > 160A, per Dwg LV3)", _xlpm.tMCCB_LO, "400V MCCB Feeder Cubicle (I < 160A, per Dwg LV4)", _xlpm.tLP, "400V 3Ph+N+PE Feeder Cubicle (per Dwg LV5)", _xlpm.tHEAT, "400V SCR-Controlled Heater Feeder Cubicle (per Dwg LV8)", _xlpm.tVSD, "400V MCCB Feeder for VSD Cubicle (per Dwg LV9)", _xlpm.tFVNR_HI, "400V FVNR Motor Starter Cubicle (55kW < P < 200kW, per Dwg LV10)", _xlpm.tFVNR_LO, "400V FVNR Motor Starter Cubicle (P <= 55kW, per Dwg LV11)", _xlpm.tM_HV, "HV DOL Motor Starter Cubicle", _xlpm.tM_LV_DOL, "400V DOL Motor Starter Cubicle", _xlpm.tUPS, "400V UPS Feeder Cubicle", _xlpm.isM_HV, _xlpm.st="M-HV", _xlpm.isM_LV, OR(_xlpm.st="M-A1", _xlpm.st="M-B1", _xlpm.st="M-C1", _xlpm.st="M-D1", _xlpm.st="M-E1"), _xlpm.isVSD_HV, _xlpm.st="VSD-HV", _xlpm.isVSD_LV, OR(_xlpm.st="VSD-G1", _xlpm.st="VSD-G2"), _xlpm.isCB, OR(_xlpm.st="F", _xlpm.st="P"), _xlpm.isL, _xlpm.st="L", _xlpm.isU, _xlpm.st="U", _xlpm.isH, _xlpm.st="H", _xlpm.isVU, OR(_xlpm.st="VU", ISNUMBER(SEARCH("VSD", _xlpm.st)), ISNUMBER(SEARCH("INVERTER", _xlpm.st))), _xlpm.isHRS, OR(_xlpm.st="HRS", ISNUMBER(SEARCH("SCR", _xlpm.st))), _xlpm.isHC, OR(_xlpm.st="HC", ISNUMBER(SEARCH("THERMO", _xlpm.st)), ISNUMBER(SEARCH("CONTACTOR", _xlpm.st))), _xlpm.isF, OR(_xlpm.st="F", ISNUMBER(SEARCH("FEEDER", _xlpm.st))), _xlpm.isFVNR, ISNUMBER(SEARCH("FVNR", _xlpm.st)), _xlpm.isFVR, OR(_xlpm.st="FVR", ISNUMBER(SEARCH("FORWARD/REVERSE", _xlpm.st))), _xlpm.isDS, OR(_xlpm.st="DS", ISNUMBER(SEARCH("DOUBLE", _xlpm.st))), _xlpm.isST, OR(_xlpm.st="ST", ISNUMBER(SEARCH("STAR", _xlpm.st)), ISNUMBER(SEARCH("TRIANGLE", _xlpm.st))), _xlpm.isSS, OR(_xlpm.st="SS", ISNUMBER(SEARCH("SOFT", _xlpm.st))), _xlpm.isA, OR(_xlpm.st="A", ISNUMBER(SEARCH("AUTOTRANSFORMER", _xlpm.st))), _xlpm.isMotorCode, OR(_xlpm.isFVNR, _xlpm.isFVR, _xlpm.isDS, _xlpm.isST, _xlpm.isSS, _xlpm.isA, _xlpm.isVU), _xlpm.isLightLP, OR(ISNUMBER(SEARCH("LIGHT", _xlpm.tag)), ISNUMBER(SEARCH("OUTLET", _xlpm.tag)), ISNUMBER(SEARCH("-LP", _xlpm.tag))), _xlpm.isHeaterTag, OR(ISNUMBER(SEARCH("-H-", _xlpm.tag)), ISNUMBER(SEARCH("HEATER", _xlpm.tag))), _xlpm.isHVAC, ISNUMBER(SEARCH("HVAC", _xlpm.tag)), _xlpm.isHoistCrane, OR(ISNUMBER(SEARCH("HOIST", _xlpm.tag)), ISNUMBER(SEARCH("CRANE", _xlpm.tag))), _xlpm.isMotorTag, OR(ISNUMBER(SEARCH("-MA-", _xlpm.tag)), ISNUMBER(SEARCH("-MK-", _xlpm.tag)), ISNUMBER(SEARCH("-MP-", _xlpm.tag)), ISNUMBER(SEARCH("-GT-", _xlpm.tag))), IF(_xlpm.isM_HV, _xlpm.tM_HV, IF(_xlpm.isM_LV, _xlpm.tM_LV_DOL, IF(OR(_xlpm.isVSD_HV, _xlpm.isVSD_LV, _xlpm.isVU), _xlpm.tVSD, IF(_xlpm.isL, _xlpm.tLP, IF(_xlpm.isU, _xlpm.tUPS, IF(OR(_xlpm.isH, _xlpm.isHRS, _xlpm.isHC, _xlpm.isHeaterTag), _xlpm.tHEAT, IF(OR(_xlpm.isCB, _xlpm.isF), IF(_xlpm.i >= _xlpm.I_ACB, _xlpm.tACB, IF(_xlpm.i > _xlpm.I_MCCB, _xlpm.tMCCB_HI, _xlpm.tMCCB_LO)), IF(_xlpm.isMotorCode, IF(_xlpm.p <= 55, _xlpm.tFVNR_LO, IF(_xlpm.p < 200, _xlpm.tFVNR_HI, IF(_xlpm.i >= _xlpm.I_ACB, _xlpm.tACB, _xlpm.tMCCB_HI))), IF(_xlpm.isLightLP, _xlpm.tLP, IF(_xlpm.isHVAC, IF(_xlpm.i >= _xlpm.I_ACB, _xlpm.tACB, _xlpm.tMCCB_HI), IF(_xlpm.isHoistCrane, _xlpm.tMCCB_LO, IF(_xlpm.isMotorTag, IF(_xlpm.p <= 55, _xlpm.tFVNR_LO, IF(_xlpm.p < 200, _xlpm.tFVNR_HI, IF(_xlpm.i >= _xlpm.I_ACB, _xlpm.tACB, _xlpm.tMCCB_HI))), IF(_xlpm.i >= _xlpm.I_ACB, _xlpm.tACB, IF(_xlpm.i > _xlpm.I_MCCB, _xlpm.tMCCB_HI, _xlpm.tMCCB_LO)) ) ) ) ) ) ) ) ) ) ) ) ) ) -> 400V MCCB Feeder Cubicle (I < 160A, per Dwg LV4) | G73: {=_xlfn.LET( _xlpm.c, UPPER(TRIM(_81IK61000189[[#This Row],[Starter Type]])), _xlpm.kw, N(_81IK61000189[[#This Row],[RATED POWER]]), _xlpm.flc, N(_81IK61000189[[#This Row],[FULL LOAD CURRENT]]), _xlpm.feederType, IFERROR( _xlfn.IFS( _xlpm.c="M-A1", "M_A1", _xlpm.c="M-B1", "M_B1", _xlpm.c="M-C1", "M_C1", _xlpm.c="M-D1", "M_D1", _xlpm.c="M-E1", "M_E1", _xlpm.c="U", "UPS", _xlpm.c="F", "FEEDER", _xlpm.c="L", "LIGHT", _xlpm.c="H", "HEATER", ISNUMBER(SEARCH("ACB", _xlpm.c)), "ACB", ISNUMBER(SEARCH("I > 160A", _xlpm.c)), "MCCB_HI", ISNUMBER(SEARCH("I < 160A", _xlpm.c)), "MCCB_LO", ISNUMBER(SEARCH("3PH+N+PE", _xlpm.c)), "3PNPE", ISNUMBER(SEARCH("SCR", _xlpm.c)), "SCR", ISNUMBER(SEARCH("VSD", _xlpm.c)), "MCCB_VSD", ISNUMBER(SEARCH("FVNR", _xlpm.c)), "FVNR", TRUE, "OTHER" ), "OTHER" ), _xlpm.LowE, _xlfn.LAMBDA(_xlpm.a, IF(_xlpm.a<=50, "8E", IF(_xlpm.a<=100, "12E", "16E"))), _xlpm.HighE, _xlfn.LAMBDA(_xlpm.a, IF(_xlpm.a<=250, "16E", IF(_xlpm.a<=400, "24E", "36E"))), _xlpm.FeederE, IF(_xlpm.flc<=32, "8E/2", IF(_xlpm.flc<=160, _xlpm.LowE(_xlpm.flc), _xlpm.HighE(_xlpm.flc))), _xlfn.IFS( _xlpm.feederType="ACB", "72E", _xlpm.feederType="MCCB_LO", _xlpm.LowE(_xlpm.flc), _xlpm.feederType="MCCB_HI", _xlpm.HighE(_xlpm.flc), _xlpm.feederType="3PNPE", _xlpm.LowE(_xlpm.flc), _xlpm.feederType="SCR", IF(_xlpm.flc<=63, "8E", IF(_xlpm.flc<=125, "12E", IF(_xlpm.flc<=250, "24E", "36E"))), _xlpm.feederType="MCCB_VSD",_xlpm.HighE(_xlpm.flc), _xlpm.feederType="FVNR", IF(_xlpm.kw<=55, "16E", IF(_xlpm.kw<=90, "24E", "36E")), _xlpm.feederType="M_A1", IF(_xlpm.kw<=15, "8E/2", "8E"), _xlpm.feederType="M_B1", IF(_xlpm.kw<=37, "8E", "12E"), _xlpm.feederType="M_C1", IF(_xlpm.kw<132, "12E", "16E"), _xlpm.feederType="M_D1", "16E", _xlpm.feederType="M_E1", "24E", _xlpm.feederType="UPS", IF(_xlpm.flc<=50, "8E", IF(_xlpm.flc<=100, "12E", IF(_xlpm.flc<=250, "16E", IF(_xlpm.flc<=400, "24E", "36E")))), _xlpm.feederType="FEEDER", _xlpm.FeederE, _xlpm.feederType="LIGHT", _xlpm.FeederE, _xlpm.feederType="HEATER", _xlpm.FeederE, TRUE, "<review>" ) )} -> 8E/2
A74: WS-CAV-002 | B74: A | C74: 2.2 | D74: 3.0082988 | E74: F | F74: =_xlfn.LET( _xlpm.tag, A74, _xlpm.p, N(C74), _xlpm.i, N(D74), _xlpm.st, UPPER(TRIM(E74)), _xlpm.I_MCCB, 160, _xlpm.I_ACB, 630, _xlpm.tACB, "400V Air Circuit Breaker(ACB) Feeder Cubicle (per Dwg LV1)", _xlpm.tMCCB_HI, "400V MCCB Feeder Cubicle (I > 160A, per Dwg LV3)", _xlpm.tMCCB_LO, "400V MCCB Feeder Cubicle (I < 160A, per Dwg LV4)", _xlpm.tLP, "400V 3Ph+N+PE Feeder Cubicle (per Dwg LV5)", _xlpm.tHEAT, "400V SCR-Controlled Heater Feeder Cubicle (per Dwg LV8)", _xlpm.tVSD, "400V MCCB Feeder for VSD Cubicle (per Dwg LV9)", _xlpm.tFVNR_HI, "400V FVNR Motor Starter Cubicle (55kW < P < 200kW, per Dwg LV10)", _xlpm.tFVNR_LO, "400V FVNR Motor Starter Cubicle (P <= 55kW, per Dwg LV11)", _xlpm.tM_HV, "HV DOL Motor Starter Cubicle", _xlpm.tM_LV_DOL, "400V DOL Motor Starter Cubicle", _xlpm.tUPS, "400V UPS Feeder Cubicle", _xlpm.isM_HV, _xlpm.st="M-HV", _xlpm.isM_LV, OR(_xlpm.st="M-A1", _xlpm.st="M-B1", _xlpm.st="M-C1", _xlpm.st="M-D1", _xlpm.st="M-E1"), _xlpm.isVSD_HV, _xlpm.st="VSD-HV", _xlpm.isVSD_LV, OR(_xlpm.st="VSD-G1", _xlpm.st="VSD-G2"), _xlpm.isCB, OR(_xlpm.st="F", _xlpm.st="P"), _xlpm.isL, _xlpm.st="L", _xlpm.isU, _xlpm.st="U", _xlpm.isH, _xlpm.st="H", _xlpm.isVU, OR(_xlpm.st="VU", ISNUMBER(SEARCH("VSD", _xlpm.st)), ISNUMBER(SEARCH("INVERTER", _xlpm.st))), _xlpm.isHRS, OR(_xlpm.st="HRS", ISNUMBER(SEARCH("SCR", _xlpm.st))), _xlpm.isHC, OR(_xlpm.st="HC", ISNUMBER(SEARCH("THERMO", _xlpm.st)), ISNUMBER(SEARCH("CONTACTOR", _xlpm.st))), _xlpm.isF, OR(_xlpm.st="F", ISNUMBER(SEARCH("FEEDER", _xlpm.st))), _xlpm.isFVNR, ISNUMBER(SEARCH("FVNR", _xlpm.st)), _xlpm.isFVR, OR(_xlpm.st="FVR", ISNUMBER(SEARCH("FORWARD/REVERSE", _xlpm.st))), _xlpm.isDS, OR(_xlpm.st="DS", ISNUMBER(SEARCH("DOUBLE", _xlpm.st))), _xlpm.isST, OR(_xlpm.st="ST", ISNUMBER(SEARCH("STAR", _xlpm.st)), ISNUMBER(SEARCH("TRIANGLE", _xlpm.st))), _xlpm.isSS, OR(_xlpm.st="SS", ISNUMBER(SEARCH("SOFT", _xlpm.st))), _xlpm.isA, OR(_xlpm.st="A", ISNUMBER(SEARCH("AUTOTRANSFORMER", _xlpm.st))), _xlpm.isMotorCode, OR(_xlpm.isFVNR, _xlpm.isFVR, _xlpm.isDS, _xlpm.isST, _xlpm.isSS, _xlpm.isA, _xlpm.isVU), _xlpm.isLightLP, OR(ISNUMBER(SEARCH("LIGHT", _xlpm.tag)), ISNUMBER(SEARCH("OUTLET", _xlpm.tag)), ISNUMBER(SEARCH("-LP", _xlpm.tag))), _xlpm.isHeaterTag, OR(ISNUMBER(SEARCH("-H-", _xlpm.tag)), ISNUMBER(SEARCH("HEATER", _xlpm.tag))), _xlpm.isHVAC, ISNUMBER(SEARCH("HVAC", _xlpm.tag)), _xlpm.isHoistCrane, OR(ISNUMBER(SEARCH("HOIST", _xlpm.tag)), ISNUMBER(SEARCH("CRANE", _xlpm.tag))), _xlpm.isMotorTag, OR(ISNUMBER(SEARCH("-MA-", _xlpm.tag)), ISNUMBER(SEARCH("-MK-", _xlpm.tag)), ISNUMBER(SEARCH("-MP-", _xlpm.tag)), ISNUMBER(SEARCH("-GT-", _xlpm.tag))), IF(_xlpm.isM_HV, _xlpm.tM_HV, IF(_xlpm.isM_LV, _xlpm.tM_LV_DOL, IF(OR(_xlpm.isVSD_HV, _xlpm.isVSD_LV, _xlpm.isVU), _xlpm.tVSD, IF(_xlpm.isL, _xlpm.tLP, IF(_xlpm.isU, _xlpm.tUPS, IF(OR(_xlpm.isH, _xlpm.isHRS, _xlpm.isHC, _xlpm.isHeaterTag), _xlpm.tHEAT, IF(OR(_xlpm.isCB, _xlpm.isF), IF(_xlpm.i >= _xlpm.I_ACB, _xlpm.tACB, IF(_xlpm.i > _xlpm.I_MCCB, _xlpm.tMCCB_HI, _xlpm.tMCCB_LO)), IF(_xlpm.isMotorCode, IF(_xlpm.p <= 55, _xlpm.tFVNR_LO, IF(_xlpm.p < 200, _xlpm.tFVNR_HI, IF(_xlpm.i >= _xlpm.I_ACB, _xlpm.tACB, _xlpm.tMCCB_HI))), IF(_xlpm.isLightLP, _xlpm.tLP, IF(_xlpm.isHVAC, IF(_xlpm.i >= _xlpm.I_ACB, _xlpm.tACB, _xlpm.tMCCB_HI), IF(_xlpm.isHoistCrane, _xlpm.tMCCB_LO, IF(_xlpm.isMotorTag, IF(_xlpm.p <= 55, _xlpm.tFVNR_LO, IF(_xlpm.p < 200, _xlpm.tFVNR_HI, IF(_xlpm.i >= _xlpm.I_ACB, _xlpm.tACB, _xlpm.tMCCB_HI))), IF(_xlpm.i >= _xlpm.I_ACB, _xlpm.tACB, IF(_xlpm.i > _xlpm.I_MCCB, _xlpm.tMCCB_HI, _xlpm.tMCCB_LO)) ) ) ) ) ) ) ) ) ) ) ) ) ) -> 400V MCCB Feeder Cubicle (I < 160A, per Dwg LV4) | G74: {=_xlfn.LET( _xlpm.c, UPPER(TRIM(_81IK61000189[[#This Row],[Starter Type]])), _xlpm.kw, N(_81IK61000189[[#This Row],[RATED POWER]]), _xlpm.flc, N(_81IK61000189[[#This Row],[FULL LOAD CURRENT]]), _xlpm.feederType, IFERROR( _xlfn.IFS( _xlpm.c="M-A1", "M_A1", _xlpm.c="M-B1", "M_B1", _xlpm.c="M-C1", "M_C1", _xlpm.c="M-D1", "M_D1", _xlpm.c="M-E1", "M_E1", _xlpm.c="U", "UPS", _xlpm.c="F", "FEEDER", _xlpm.c="L", "LIGHT", _xlpm.c="H", "HEATER", ISNUMBER(SEARCH("ACB", _xlpm.c)), "ACB", ISNUMBER(SEARCH("I > 160A", _xlpm.c)), "MCCB_HI", ISNUMBER(SEARCH("I < 160A", _xlpm.c)), "MCCB_LO", ISNUMBER(SEARCH("3PH+N+PE", _xlpm.c)), "3PNPE", ISNUMBER(SEARCH("SCR", _xlpm.c)), "SCR", ISNUMBER(SEARCH("VSD", _xlpm.c)), "MCCB_VSD", ISNUMBER(SEARCH("FVNR", _xlpm.c)), "FVNR", TRUE, "OTHER" ), "OTHER" ), _xlpm.LowE, _xlfn.LAMBDA(_xlpm.a, IF(_xlpm.a<=50, "8E", IF(_xlpm.a<=100, "12E", "16E"))), _xlpm.HighE, _xlfn.LAMBDA(_xlpm.a, IF(_xlpm.a<=250, "16E", IF(_xlpm.a<=400, "24E", "36E"))), _xlpm.FeederE, IF(_xlpm.flc<=32, "8E/2", IF(_xlpm.flc<=160, _xlpm.LowE(_xlpm.flc), _xlpm.HighE(_xlpm.flc))), _xlfn.IFS( _xlpm.feederType="ACB", "72E", _xlpm.feederType="MCCB_LO", _xlpm.LowE(_xlpm.flc), _xlpm.feederType="MCCB_HI", _xlpm.HighE(_xlpm.flc), _xlpm.feederType="3PNPE", _xlpm.LowE(_xlpm.flc), _xlpm.feederType="SCR", IF(_xlpm.flc<=63, "8E", IF(_xlpm.flc<=125, "12E", IF(_xlpm.flc<=250, "24E", "36E"))), _xlpm.feederType="MCCB_VSD",_xlpm.HighE(_xlpm.flc), _xlpm.feederType="FVNR", IF(_xlpm.kw<=55, "16E", IF(_xlpm.kw<=90, "24E", "36E")), _xlpm.feederType="M_A1", IF(_xlpm.kw<=15, "8E/2", "8E"), _xlpm.feederType="M_B1", IF(_xlpm.kw<=37, "8E", "12E"), _xlpm.feederType="M_C1", IF(_xlpm.kw<132, "12E", "16E"), _xlpm.feederType="M_D1", "16E", _xlpm.feederType="M_E1", "24E", _xlpm.feederType="UPS", IF(_xlpm.flc<=50, "8E", IF(_xlpm.flc<=100, "12E", IF(_xlpm.flc<=250, "16E", IF(_xlpm.flc<=400, "24E", "36E")))), _xlpm.feederType="FEEDER", _xlpm.FeederE, _xlpm.feederType="LIGHT", _xlpm.FeederE, _xlpm.feederType="HEATER", _xlpm.FeederE, TRUE, "<review>" ) )} -> 8E/2
